api_name,family,header,signature,target_surface,current_status,implementation_class,client_component,server_component,backend_requirement,protocol_change,ground_truth_required,test_level,priority,notes,planned_milestone,execution_policy,completion_rule
__cudaPopCallConfiguration,Compiler ABI,compiler-generated/private,PROJECT_OR_COMPILER_ABI,COMPILER_PRIVATE_ABI,IMPLEMENTED,COMPILER_ABI,src/corex_launch_config.c TLS stack,none,CoreX compiler lowering evidence,NONE,FALSE,L1 launch,P0,,CENSUS_DECIDES,REGRESSION_ONLY_UNLESS_REFACTOR_REQUIRED,Existing semantic remains PASS under common gates and capability ledger.
__cudaPushCallConfiguration,Compiler ABI,compiler-generated/private,PROJECT_OR_COMPILER_ABI,COMPILER_PRIVATE_ABI,IMPLEMENTED,COMPILER_ABI,src/corex_launch_config.c TLS stack,none,CoreX compiler lowering evidence,NONE,FALSE,L1 launch,P0,,CENSUS_DECIDES,REGRESSION_ONLY_UNLESS_REFACTOR_REQUIRED,Existing semantic remains PASS under common gates and capability ledger.
__cudaRegisterFatBinary,Compiler ABI,compiler-generated/private,PROJECT_OR_COMPILER_ABI,COMPILER_PRIVATE_ABI,IMPLEMENTED,COMPILER_ABI,src/corex_remote_cuda.c + corex_fatbin_runtime.c,module upload registry,CoreX compiler wrapper + Iluvatar ELF proven,NONE,FALSE,L1 compiler-transparent launch,P0,Vendor-specific; never generated from public Runtime census.,CENSUS_DECIDES,REGRESSION_ONLY_UNLESS_REFACTOR_REQUIRED,Existing semantic remains PASS under common gates and capability ledger.
__cudaRegisterFatBinaryEnd,Compiler ABI,compiler-generated/private,PROJECT_OR_COMPILER_ABI,COMPILER_PRIVATE_ABI,IMPLEMENTED,COMPILER_ABI,,,Existing proven implementation,NONE,FALSE,L1 regression,P0,Project/compiler ABI row; not derived from the public Runtime header.,,REGRESSION_ONLY_UNLESS_REFACTOR_REQUIRED,Existing semantic remains PASS under common gates.
__cudaRegisterFunction,Compiler ABI,compiler-generated/private,PROJECT_OR_COMPILER_ABI,COMPILER_PRIVATE_ABI,IMPLEMENTED,COMPILER_ABI,registration + metadata attach,GET_KERNEL,CoreX metadata ABI proven,NONE,FALSE,L1 compiler-transparent launch,P0,,M3,REGRESSION_ONLY_UNLESS_REFACTOR_REQUIRED,Existing semantic remains PASS under common gates and capability ledger.
__cudaUnregisterFatBinary,Compiler ABI,compiler-generated/private,PROJECT_OR_COMPILER_ABI,COMPILER_PRIVATE_ABI,IMPLEMENTED,COMPILER_ABI,registration lifecycle,module unload,CoreX module unload proven,NONE,FALSE,L1 + DSO lifecycle future,P0,,CENSUS_DECIDES,REGRESSION_ONLY_UNLESS_REFACTOR_REQUIRED,Existing semantic remains PASS under common gates and capability ledger.
corexRemoteModuleLoad,CoreX Remote Extension,corex_remote_cudart_ext.h,PROJECT_OR_COMPILER_ABI,PROJECT_EXTENSION,IMPLEMENTED,COMPILER_ABI,controlled registration path,module upload,CoreX module load proven,NONE,FALSE,L1 regression,P0,,CENSUS_DECIDES,REGRESSION_ONLY_UNLESS_REFACTOR_REQUIRED,Existing semantic remains PASS under common gates and capability ledger.
corexRemoteModuleUnload,CoreX Remote Extension,corex_remote_cudart_ext.h,PROJECT_OR_COMPILER_ABI,PROJECT_EXTENSION,IMPLEMENTED,COMPILER_ABI,controlled registration path,module unload,CoreX module unload proven,NONE,FALSE,L1 regression,P0,,CENSUS_DECIDES,REGRESSION_ONLY_UNLESS_REFACTOR_REQUIRED,Existing semantic remains PASS under common gates and capability ledger.
corexRemoteRegisterKernel,CoreX Remote Extension,corex_remote_cudart_ext.h,PROJECT_OR_COMPILER_ABI,PROJECT_EXTENSION,IMPLEMENTED,COMPILER_ABI,controlled registration path,kernel registry,CoreX function lookup proven,NONE,FALSE,L1 regression,P0,,CENSUS_DECIDES,REGRESSION_ONLY_UNLESS_REFACTOR_REQUIRED,Existing semantic remains PASS under common gates and capability ledger.
cudaArrayGetInfo,Array,cuda_runtime_api.h,"extern __host__ cudaError_t CUDARTAPI cudaArrayGetInfo(struct cudaChannelFormatDesc *desc, struct cudaExtent *extent, unsigned int *flags, cudaArray_t array);",PUBLIC_RUNTIME_API,GROUND_TRUTH_REQUIRED,OBJECT_RPC,TBD,TBD,CoreX 4.4 API/probe required,TBD after classification,TRUE,L1+L2 when implemented,P3,New typed remote Array object; descriptors need DTO.,M4,PROBE_THEN_IMPLEMENT_OR_MARK_BLOCKED,Implement only after CoreX ground truth; otherwise explicit GROUND_TRUTH_BLOCKED/BACKEND_UNSUPPORTED.
cudaBindSurfaceToArray,Array,cuda_runtime_api.h,"extern __host__ cudaError_t CUDARTAPI cudaBindSurfaceToArray(const struct surfaceReference *surfref, cudaArray_const_t array, const struct cudaChannelFormatDesc *desc);",PUBLIC_RUNTIME_API,GROUND_TRUTH_REQUIRED,BACKEND_CAPABILITY,TBD,TBD,CoreX 4.4 API/runtime probe required,TBD after classification,TRUE,TBD,P4,Census-derived declaration only; semantics not inferred from signature.,CENSUS_DECIDES,PROBE_THEN_IMPLEMENT_OR_MARK_BLOCKED,Human classification and CoreX ground truth required before implementation.
cudaBindTexture,Texture Object,cuda_runtime_api.h,"extern __host__ cudaError_t CUDARTAPI cudaBindTexture(size_t *offset, const struct textureReference *texref, const void *devPtr, const struct cudaChannelFormatDesc *desc, size_t size __dv(UINT_MAX));",PUBLIC_RUNTIME_API,GROUND_TRUTH_REQUIRED,BACKEND_CAPABILITY,TBD,TBD,CoreX 4.4 API/runtime probe required,TBD after classification,TRUE,TBD,P4,Census-derived declaration only; semantics not inferred from signature.,CENSUS_DECIDES,PROBE_THEN_IMPLEMENT_OR_MARK_BLOCKED,Human classification and CoreX ground truth required before implementation.
cudaBindTexture2D,Texture Object,cuda_runtime_api.h,"extern __host__ cudaError_t CUDARTAPI cudaBindTexture2D(size_t *offset, const struct textureReference *texref, const void *devPtr, const struct cudaChannelFormatDesc *desc, size_t width, size_t height, size_t pitch);",PUBLIC_RUNTIME_API,GROUND_TRUTH_REQUIRED,BACKEND_CAPABILITY,TBD,TBD,CoreX 4.4 API/runtime probe required,TBD after classification,TRUE,TBD,P4,Census-derived declaration only; semantics not inferred from signature.,CENSUS_DECIDES,PROBE_THEN_IMPLEMENT_OR_MARK_BLOCKED,Human classification and CoreX ground truth required before implementation.
cudaBindTextureToArray,Array,cuda_runtime_api.h,"extern __host__ cudaError_t CUDARTAPI cudaBindTextureToArray(const struct textureReference *texref, cudaArray_const_t array, const struct cudaChannelFormatDesc *desc);",PUBLIC_RUNTIME_API,GROUND_TRUTH_REQUIRED,BACKEND_CAPABILITY,TBD,TBD,CoreX 4.4 API/runtime probe required,TBD after classification,TRUE,TBD,P4,Census-derived declaration only; semantics not inferred from signature.,CENSUS_DECIDES,PROBE_THEN_IMPLEMENT_OR_MARK_BLOCKED,Human classification and CoreX ground truth required before implementation.
cudaBindTextureToMipmappedArray,Array,cuda_runtime_api.h,"extern __host__ cudaError_t CUDARTAPI cudaBindTextureToMipmappedArray(const struct textureReference *texref, cudaMipmappedArray_const_t mipmappedArray, const struct cudaChannelFormatDesc *desc);",PUBLIC_RUNTIME_API,GROUND_TRUTH_REQUIRED,BACKEND_CAPABILITY,TBD,TBD,CoreX 4.4 API/runtime probe required,TBD after classification,TRUE,TBD,P4,Census-derived declaration only; semantics not inferred from signature.,CENSUS_DECIDES,PROBE_THEN_IMPLEMENT_OR_MARK_BLOCKED,Human classification and CoreX ground truth required before implementation.
cudaChooseDevice,Device,cuda_runtime_api.h,"extern __host__ cudaError_t CUDARTAPI cudaChooseDevice(int *device, const struct cudaDeviceProp *prop);",PUBLIC_RUNTIME_API,GROUND_TRUTH_REQUIRED,BACKEND_CAPABILITY,TBD,TBD,CoreX 4.4 API/runtime probe required,TBD after classification,TRUE,TBD,P4,Census-derived declaration only; semantics not inferred from signature.,CENSUS_DECIDES,PROBE_THEN_IMPLEMENT_OR_MARK_BLOCKED,Human classification and CoreX ground truth required before implementation.
cudaConfigureCall,Other Runtime,cuda_runtime_api.h,"extern __host__ cudaError_t CUDARTAPI cudaConfigureCall(dim3 gridDim, dim3 blockDim, size_t sharedMem __dv(0), cudaStream_t stream __dv(0));",PUBLIC_RUNTIME_API,GROUND_TRUTH_REQUIRED,BACKEND_CAPABILITY,TBD,TBD,CoreX 4.4 API/runtime probe required,TBD after classification,TRUE,TBD,P4,Census-derived declaration only; semantics not inferred from signature.,CENSUS_DECIDES,PROBE_THEN_IMPLEMENT_OR_MARK_BLOCKED,Human classification and CoreX ground truth required before implementation.
cudaCreateChannelDesc,Other Runtime,cuda_runtime_api.h,"extern __host__ struct cudaChannelFormatDesc CUDARTAPI cudaCreateChannelDesc(int x, int y, int z, int w, enum cudaChannelFormatKind f);",PUBLIC_RUNTIME_API,GROUND_TRUTH_REQUIRED,BACKEND_CAPABILITY,TBD,TBD,CoreX 4.4 API/runtime probe required,TBD after classification,TRUE,TBD,P4,Census-derived declaration only; semantics not inferred from signature.,CENSUS_DECIDES,PROBE_THEN_IMPLEMENT_OR_MARK_BLOCKED,Human classification and CoreX ground truth required before implementation.
cudaCreateSurfaceObject,Surface Object,cuda_runtime_api.h,"extern __host__ cudaError_t CUDARTAPI cudaCreateSurfaceObject(cudaSurfaceObject_t *pSurfObject, const struct cudaResourceDesc *pResDesc);",PUBLIC_RUNTIME_API,GROUND_TRUTH_REQUIRED,OBJECT_RPC,TBD,TBD,CoreX 4.4 API/probe required,TBD after classification,TRUE,L1+L2 when implemented,P3,Census-derived declaration only; semantics not inferred from signature.,M4,PROBE_THEN_IMPLEMENT_OR_MARK_BLOCKED,Implement only after CoreX ground truth; otherwise explicit GROUND_TRUTH_BLOCKED/BACKEND_UNSUPPORTED.
cudaCreateTextureObject,Texture Object,cuda_runtime_api.h,"extern __host__ cudaError_t CUDARTAPI cudaCreateTextureObject(cudaTextureObject_t *pTexObject, const struct cudaResourceDesc *pResDesc, const struct cudaTextureDesc *pTexDesc, const struct cudaResourceViewDesc *pResViewDesc);",PUBLIC_RUNTIME_API,GROUND_TRUTH_REQUIRED,OBJECT_RPC,TBD,TBD,CoreX 4.4 API/probe required,TBD after classification,TRUE,L1+L2 when implemented,P3,Requires Array/resource descriptor support and kernel validation.,M4,PROBE_THEN_IMPLEMENT_OR_MARK_BLOCKED,Implement only after CoreX ground truth; otherwise explicit GROUND_TRUTH_BLOCKED/BACKEND_UNSUPPORTED.
cudaCtxResetPersistingL2Cache,Other Runtime,cuda_runtime_api.h,extern __host__ cudaError_t CUDARTAPI cudaCtxResetPersistingL2Cache(void);,PUBLIC_RUNTIME_API,GROUND_TRUTH_REQUIRED,BACKEND_CAPABILITY,TBD,TBD,CoreX 4.4 API/runtime probe required,TBD after classification,TRUE,TBD,P4,Census-derived declaration only; semantics not inferred from signature.,CENSUS_DECIDES,PROBE_THEN_IMPLEMENT_OR_MARK_BLOCKED,Human classification and CoreX ground truth required before implementation.
cudaDestroyExternalMemory,External Resource Interop,cuda_runtime_api.h,extern __host__ cudaError_t CUDARTAPI cudaDestroyExternalMemory(cudaExternalMemory_t extMem);,PUBLIC_RUNTIME_API,OUT_OF_SCOPE_CURRENT,CAPABILITY_GATED,TBD,TBD,CoreX 4.4 API/probe required,TBD after classification,TRUE,L1+L2 when implemented,P4,Keep visible in census/ledger; not current architecture driver.,CENSUS_DECIDES,PROBE_THEN_IMPLEMENT_OR_MARK_BLOCKED,Implement only after CoreX ground truth; otherwise explicit GROUND_TRUTH_BLOCKED/BACKEND_UNSUPPORTED.
cudaDestroyExternalSemaphore,External Resource Interop,cuda_runtime_api.h,extern __host__ cudaError_t CUDARTAPI cudaDestroyExternalSemaphore(cudaExternalSemaphore_t extSem);,PUBLIC_RUNTIME_API,OUT_OF_SCOPE_CURRENT,CAPABILITY_GATED,TBD,TBD,CoreX 4.4 API/probe required,TBD after classification,TRUE,L1+L2 when implemented,P4,Keep visible in census/ledger; not current architecture driver.,CENSUS_DECIDES,PROBE_THEN_IMPLEMENT_OR_MARK_BLOCKED,Implement only after CoreX ground truth; otherwise explicit GROUND_TRUTH_BLOCKED/BACKEND_UNSUPPORTED.
cudaDestroySurfaceObject,Surface Object,cuda_runtime_api.h,extern __host__ cudaError_t CUDARTAPI cudaDestroySurfaceObject(cudaSurfaceObject_t surfObject);,PUBLIC_RUNTIME_API,GROUND_TRUTH_REQUIRED,OBJECT_RPC,TBD,TBD,CoreX 4.4 API/probe required,TBD after classification,TRUE,L1+L2 when implemented,P3,Census-derived declaration only; semantics not inferred from signature.,M4,PROBE_THEN_IMPLEMENT_OR_MARK_BLOCKED,Implement only after CoreX ground truth; otherwise explicit GROUND_TRUTH_BLOCKED/BACKEND_UNSUPPORTED.
cudaDestroyTextureObject,Texture Object,cuda_runtime_api.h,extern __host__ cudaError_t CUDARTAPI cudaDestroyTextureObject(cudaTextureObject_t texObject);,PUBLIC_RUNTIME_API,GROUND_TRUTH_REQUIRED,OBJECT_RPC,TBD,TBD,CoreX 4.4 API/probe required,TBD after classification,TRUE,L1+L2 when implemented,P3,Requires Array/resource descriptor support and kernel validation.,M4,PROBE_THEN_IMPLEMENT_OR_MARK_BLOCKED,Implement only after CoreX ground truth; otherwise explicit GROUND_TRUTH_BLOCKED/BACKEND_UNSUPPORTED.
cudaDeviceCanAccessPeer,Peer / Multi-device,cuda_runtime_api.h,"extern __host__ cudaError_t CUDARTAPI cudaDeviceCanAccessPeer(int *canAccessPeer, int device, int peerDevice);",PUBLIC_RUNTIME_API,GROUND_TRUTH_REQUIRED,CAPABILITY_GATED,TBD,TBD,CoreX 4.4 API/probe required,TBD after classification,TRUE,L1+L2 when implemented,P4,Current Runtime is one logical device; requires real multi-device ground truth before support claim.,M5,PROBE_THEN_IMPLEMENT_OR_MARK_BLOCKED,Implement only after CoreX ground truth; otherwise explicit GROUND_TRUTH_BLOCKED/BACKEND_UNSUPPORTED.
cudaDeviceDisablePeerAccess,Peer / Multi-device,cuda_runtime_api.h,extern __host__ cudaError_t CUDARTAPI cudaDeviceDisablePeerAccess(int peerDevice);,PUBLIC_RUNTIME_API,GROUND_TRUTH_REQUIRED,CAPABILITY_GATED,TBD,TBD,CoreX 4.4 API/probe required,TBD after classification,TRUE,L1+L2 when implemented,P4,Current Runtime is one logical device; requires real multi-device ground truth before support claim.,M5,PROBE_THEN_IMPLEMENT_OR_MARK_BLOCKED,Implement only after CoreX ground truth; otherwise explicit GROUND_TRUTH_BLOCKED/BACKEND_UNSUPPORTED.
cudaDeviceEnablePeerAccess,Peer / Multi-device,cuda_runtime_api.h,"extern __host__ cudaError_t CUDARTAPI cudaDeviceEnablePeerAccess(int peerDevice, unsigned int flags);",PUBLIC_RUNTIME_API,GROUND_TRUTH_REQUIRED,CAPABILITY_GATED,TBD,TBD,CoreX 4.4 API/probe required,TBD after classification,TRUE,L1+L2 when implemented,P4,Current Runtime is one logical device; requires real multi-device ground truth before support claim.,M5,PROBE_THEN_IMPLEMENT_OR_MARK_BLOCKED,Implement only after CoreX ground truth; otherwise explicit GROUND_TRUTH_BLOCKED/BACKEND_UNSUPPORTED.
cudaDeviceGetAttribute,Device,cuda_runtime_api.h,"extern __host__ __cudart_builtin__ cudaError_t CUDARTAPI cudaDeviceGetAttribute(int *value, enum cudaDeviceAttr attr, int device);",PUBLIC_RUNTIME_API,GROUND_TRUTH_REQUIRED,GENERATED_RPC,TBD,TBD,CoreX 4.4 API/probe required,TBD after classification,TRUE,L1+L2 when implemented,P1,Preferred codegen exemplar if CoreX enum/API ground truth passes; normalize enum if ABI differs.,M3,PROBE_THEN_IMPLEMENT_OR_MARK_BLOCKED,Implement only after CoreX ground truth; otherwise explicit GROUND_TRUTH_BLOCKED/BACKEND_UNSUPPORTED.
cudaDeviceGetByPCIBusId,Device,cuda_runtime_api.h,"extern __host__ cudaError_t CUDARTAPI cudaDeviceGetByPCIBusId(int *device, const char *pciBusId);",PUBLIC_RUNTIME_API,GROUND_TRUTH_REQUIRED,BACKEND_CAPABILITY,TBD,TBD,CoreX 4.4 API/runtime probe required,TBD after classification,TRUE,TBD,P4,Census-derived declaration only; semantics not inferred from signature.,CENSUS_DECIDES,PROBE_THEN_IMPLEMENT_OR_MARK_BLOCKED,Human classification and CoreX ground truth required before implementation.
cudaDeviceGetCacheConfig,Device,cuda_runtime_api.h,extern __host__ __cudart_builtin__ cudaError_t CUDARTAPI cudaDeviceGetCacheConfig(enum cudaFuncCache *pCacheConfig);,PUBLIC_RUNTIME_API,GROUND_TRUTH_REQUIRED,BACKEND_CAPABILITY,TBD,TBD,CoreX 4.4 API/runtime probe required,TBD after classification,TRUE,TBD,P4,Census-derived declaration only; semantics not inferred from signature.,CENSUS_DECIDES,PROBE_THEN_IMPLEMENT_OR_MARK_BLOCKED,Human classification and CoreX ground truth required before implementation.
cudaDeviceGetDefaultMemPool,Memory Pool / Async Allocation,cuda_runtime_api.h,"extern __host__ cudaError_t CUDARTAPI cudaDeviceGetDefaultMemPool(cudaMemPool_t *memPool, int device);",PUBLIC_RUNTIME_API,GROUND_TRUTH_REQUIRED,STATE_MACHINE,TBD,TBD,CoreX 4.4 API/probe required,TBD after classification,TRUE,L1+L2 when implemented,P3,"Stream-ordered lifetime; capability-gated subsystem, not direct forwarding.",M5,PROBE_THEN_IMPLEMENT_OR_MARK_BLOCKED,Implement only after CoreX ground truth; otherwise explicit GROUND_TRUTH_BLOCKED/BACKEND_UNSUPPORTED.
cudaDeviceGetGraphMemAttribute,Graph,cuda_runtime_api.h,"extern __host__ cudaError_t CUDARTAPI cudaDeviceGetGraphMemAttribute(int device, enum cudaGraphMemAttributeType attr, void* value);",PUBLIC_RUNTIME_API,GROUND_TRUTH_REQUIRED,BACKEND_CAPABILITY,TBD,TBD,CoreX 4.4 API/runtime probe required,TBD after classification,TRUE,TBD,P4,Census-derived declaration only; semantics not inferred from signature.,CENSUS_DECIDES,PROBE_THEN_IMPLEMENT_OR_MARK_BLOCKED,Human classification and CoreX ground truth required before implementation.
cudaDeviceGetLimit,Device,cuda_runtime_api.h,"extern __host__ __cudart_builtin__ cudaError_t CUDARTAPI cudaDeviceGetLimit(size_t *pValue, enum cudaLimit limit);",PUBLIC_RUNTIME_API,GROUND_TRUTH_REQUIRED,BACKEND_CAPABILITY,TBD,TBD,CoreX 4.4 API/runtime probe required,TBD after classification,TRUE,TBD,P4,Census-derived declaration only; semantics not inferred from signature.,CENSUS_DECIDES,PROBE_THEN_IMPLEMENT_OR_MARK_BLOCKED,Human classification and CoreX ground truth required before implementation.
cudaDeviceGetMemPool,Memory Pool / Async Allocation,cuda_runtime_api.h,"extern __host__ cudaError_t CUDARTAPI cudaDeviceGetMemPool(cudaMemPool_t *memPool, int device);",PUBLIC_RUNTIME_API,GROUND_TRUTH_REQUIRED,BACKEND_CAPABILITY,TBD,TBD,CoreX 4.4 API/runtime probe required,TBD after classification,TRUE,TBD,P4,Census-derived declaration only; semantics not inferred from signature.,CENSUS_DECIDES,PROBE_THEN_IMPLEMENT_OR_MARK_BLOCKED,Human classification and CoreX ground truth required before implementation.
cudaDeviceGetNvSciSyncAttributes,Device,cuda_runtime_api.h,"extern __host__ cudaError_t CUDARTAPI cudaDeviceGetNvSciSyncAttributes(void *nvSciSyncAttrList, int device, int flags);",PUBLIC_RUNTIME_API,GROUND_TRUTH_REQUIRED,BACKEND_CAPABILITY,TBD,TBD,CoreX 4.4 API/runtime probe required,TBD after classification,TRUE,TBD,P4,Census-derived declaration only; semantics not inferred from signature.,CENSUS_DECIDES,PROBE_THEN_IMPLEMENT_OR_MARK_BLOCKED,Human classification and CoreX ground truth required before implementation.
cudaDeviceGetP2PAttribute,Device,cuda_runtime_api.h,"extern __host__ __cudart_builtin__ cudaError_t CUDARTAPI cudaDeviceGetP2PAttribute(int *value, enum cudaDeviceP2PAttr attr, int srcDevice, int dstDevice);",PUBLIC_RUNTIME_API,GROUND_TRUTH_REQUIRED,BACKEND_CAPABILITY,TBD,TBD,CoreX 4.4 API/runtime probe required,TBD after classification,TRUE,TBD,P4,Census-derived declaration only; semantics not inferred from signature.,CENSUS_DECIDES,PROBE_THEN_IMPLEMENT_OR_MARK_BLOCKED,Human classification and CoreX ground truth required before implementation.
cudaDeviceGetPCIBusId,Device,cuda_runtime_api.h,"extern __host__ cudaError_t CUDARTAPI cudaDeviceGetPCIBusId(char *pciBusId, int len, int device);",PUBLIC_RUNTIME_API,GROUND_TRUTH_REQUIRED,BACKEND_CAPABILITY,TBD,TBD,CoreX 4.4 API/runtime probe required,TBD after classification,TRUE,TBD,P4,Census-derived declaration only; semantics not inferred from signature.,CENSUS_DECIDES,PROBE_THEN_IMPLEMENT_OR_MARK_BLOCKED,Human classification and CoreX ground truth required before implementation.
cudaDeviceGetSharedMemConfig,Device,cuda_runtime_api.h,extern __host__ __cudart_builtin__ cudaError_t CUDARTAPI cudaDeviceGetSharedMemConfig(enum cudaSharedMemConfig *pConfig);,PUBLIC_RUNTIME_API,GROUND_TRUTH_REQUIRED,BACKEND_CAPABILITY,TBD,TBD,CoreX 4.4 API/runtime probe required,TBD after classification,TRUE,TBD,P4,Census-derived declaration only; semantics not inferred from signature.,CENSUS_DECIDES,PROBE_THEN_IMPLEMENT_OR_MARK_BLOCKED,Human classification and CoreX ground truth required before implementation.
cudaDeviceGetStreamPriorityRange,Stream,cuda_runtime_api.h,"extern __host__ __cudart_builtin__ cudaError_t CUDARTAPI cudaDeviceGetStreamPriorityRange(int *leastPriority, int *greatestPriority);",PUBLIC_RUNTIME_API,GROUND_TRUTH_REQUIRED,BACKEND_CAPABILITY,TBD,TBD,CoreX 4.4 API/runtime probe required,TBD after classification,TRUE,TBD,P4,Census-derived declaration only; semantics not inferred from signature.,CENSUS_DECIDES,PROBE_THEN_IMPLEMENT_OR_MARK_BLOCKED,Human classification and CoreX ground truth required before implementation.
cudaDeviceGraphMemTrim,Graph,cuda_runtime_api.h,extern __host__ cudaError_t CUDARTAPI cudaDeviceGraphMemTrim(int device);,PUBLIC_RUNTIME_API,GROUND_TRUTH_REQUIRED,BACKEND_CAPABILITY,TBD,TBD,CoreX 4.4 API/runtime probe required,TBD after classification,TRUE,TBD,P4,Census-derived declaration only; semantics not inferred from signature.,CENSUS_DECIDES,PROBE_THEN_IMPLEMENT_OR_MARK_BLOCKED,Human classification and CoreX ground truth required before implementation.
cudaDeviceReset,Device,cuda_runtime_api.h,extern __host__ cudaError_t CUDARTAPI cudaDeviceReset(void);,PUBLIC_RUNTIME_API,GROUND_TRUTH_REQUIRED,BACKEND_CAPABILITY,TBD,TBD,CoreX 4.4 API/runtime probe required,TBD after classification,TRUE,TBD,P4,Census-derived declaration only; semantics not inferred from signature.,CENSUS_DECIDES,PROBE_THEN_IMPLEMENT_OR_MARK_BLOCKED,Human classification and CoreX ground truth required before implementation.
cudaDeviceSetCacheConfig,Device,cuda_runtime_api.h,extern __host__ cudaError_t CUDARTAPI cudaDeviceSetCacheConfig(enum cudaFuncCache cacheConfig);,PUBLIC_RUNTIME_API,GROUND_TRUTH_REQUIRED,BACKEND_CAPABILITY,TBD,TBD,CoreX 4.4 API/runtime probe required,TBD after classification,TRUE,TBD,P4,Census-derived declaration only; semantics not inferred from signature.,CENSUS_DECIDES,PROBE_THEN_IMPLEMENT_OR_MARK_BLOCKED,Human classification and CoreX ground truth required before implementation.
cudaDeviceSetGraphMemAttribute,Graph,cuda_runtime_api.h,"extern __host__ cudaError_t CUDARTAPI cudaDeviceSetGraphMemAttribute(int device, enum cudaGraphMemAttributeType attr, void* value);",PUBLIC_RUNTIME_API,GROUND_TRUTH_REQUIRED,BACKEND_CAPABILITY,TBD,TBD,CoreX 4.4 API/runtime probe required,TBD after classification,TRUE,TBD,P4,Census-derived declaration only; semantics not inferred from signature.,CENSUS_DECIDES,PROBE_THEN_IMPLEMENT_OR_MARK_BLOCKED,Human classification and CoreX ground truth required before implementation.
cudaDeviceSetLimit,Device,cuda_runtime_api.h,"extern __host__ cudaError_t CUDARTAPI cudaDeviceSetLimit(enum cudaLimit limit, size_t value);",PUBLIC_RUNTIME_API,GROUND_TRUTH_REQUIRED,BACKEND_CAPABILITY,TBD,TBD,CoreX 4.4 API/runtime probe required,TBD after classification,TRUE,TBD,P4,Census-derived declaration only; semantics not inferred from signature.,CENSUS_DECIDES,PROBE_THEN_IMPLEMENT_OR_MARK_BLOCKED,Human classification and CoreX ground truth required before implementation.
cudaDeviceSetMemPool,Memory Pool / Async Allocation,cuda_runtime_api.h,"extern __host__ cudaError_t CUDARTAPI cudaDeviceSetMemPool(int device, cudaMemPool_t memPool);",PUBLIC_RUNTIME_API,GROUND_TRUTH_REQUIRED,STATE_MACHINE,TBD,TBD,CoreX 4.4 API/probe required,TBD after classification,TRUE,L1+L2 when implemented,P3,"Stream-ordered lifetime; capability-gated subsystem, not direct forwarding.",M5,PROBE_THEN_IMPLEMENT_OR_MARK_BLOCKED,Implement only after CoreX ground truth; otherwise explicit GROUND_TRUTH_BLOCKED/BACKEND_UNSUPPORTED.
cudaDeviceSetSharedMemConfig,Device,cuda_runtime_api.h,extern __host__ cudaError_t CUDARTAPI cudaDeviceSetSharedMemConfig(enum cudaSharedMemConfig config);,PUBLIC_RUNTIME_API,GROUND_TRUTH_REQUIRED,BACKEND_CAPABILITY,TBD,TBD,CoreX 4.4 API/runtime probe required,TBD after classification,TRUE,TBD,P4,Census-derived declaration only; semantics not inferred from signature.,CENSUS_DECIDES,PROBE_THEN_IMPLEMENT_OR_MARK_BLOCKED,Human classification and CoreX ground truth required before implementation.
cudaDeviceSynchronize,Device/Sync,cuda_runtime_api.h,extern __host__ __cudart_builtin__ cudaError_t CUDARTAPI cudaDeviceSynchronize(void);,PUBLIC_RUNTIME_API,IMPLEMENTED,SEMANTIC_RPC,sync + drain hidden transfers,context/device sync handler,CoreX context sync proven,NONE,FALSE,L1 existing + async error,P0,Census-derived declaration only; semantics not inferred from signature.,M3,REGRESSION_ONLY_UNLESS_REFACTOR_REQUIRED,Existing semantic remains PASS under common gates and capability ledger.
cudaDriverGetVersion,Version,cuda_runtime_api.h,extern __host__ cudaError_t CUDARTAPI cudaDriverGetVersion(int *driverVersion);,PUBLIC_RUNTIME_API,IMPLEMENTED,GENERATED_RPC,src/corex_remote_cuda.c cudaDriverGetVersion,server/runtime_server.c handle_driver_version,cuDriverGetVersion,OP_GET_DRIVER_VERSION=35,FALSE,L1+L2,P1,Driver version scalar probe verified.,CENSUS_DECIDES,PROBE_THEN_IMPLEMENT_OR_MARK_BLOCKED,Implement only after CoreX ground truth; otherwise explicit GROUND_TRUTH_BLOCKED/BACKEND_UNSUPPORTED.
cudaEventCreate,Event,cuda_runtime_api.h,extern __host__ cudaError_t CUDARTAPI cudaEventCreate(cudaEvent_t *event);,PUBLIC_RUNTIME_API,IMPLEMENTED,OBJECT_RPC,event handle + frontier,Event registry,CoreX event create proven,NONE,FALSE,L1 existing + lifecycle,P0,Census-derived declaration only; semantics not inferred from signature.,M3,REGRESSION_ONLY_UNLESS_REFACTOR_REQUIRED,Existing semantic remains PASS under common gates and capability ledger.
cudaEventCreateWithFlags,Event,cuda_runtime_api.h,"extern __host__ __cudart_builtin__ cudaError_t CUDARTAPI cudaEventCreateWithFlags(cudaEvent_t *event, unsigned int flags);",PUBLIC_RUNTIME_API,IMPLEMENTED,OBJECT_RPC,src/corex_remote_cuda.c cudaEventCreateWithFlags,server/runtime_server.c handle_create_event,cuEventCreate flags,OP_CREATE_EVENT flags,FALSE,L1+L2,P1,Verified default/blocking/disable-timing flags; interprocess remains unsupported.,M3,PROBE_THEN_IMPLEMENT_OR_MARK_BLOCKED,Implement only after CoreX ground truth; otherwise explicit GROUND_TRUTH_BLOCKED/BACKEND_UNSUPPORTED.
cudaEventDestroy,Event,cuda_runtime_api.h,extern __host__ __cudart_builtin__ cudaError_t CUDARTAPI cudaEventDestroy(cudaEvent_t event);,PUBLIC_RUNTIME_API,IMPLEMENTED,OBJECT_RPC,event tombstone,Event registry,CoreX event destroy proven,NONE,FALSE,L1 existing + stale,P0,Census-derived declaration only; semantics not inferred from signature.,M3,REGRESSION_ONLY_UNLESS_REFACTOR_REQUIRED,Existing semantic remains PASS under common gates and capability ledger.
cudaEventElapsedTime,Event,cuda_runtime_api.h,"extern __host__ cudaError_t CUDARTAPI cudaEventElapsedTime(float *ms, cudaEvent_t start, cudaEvent_t end);",PUBLIC_RUNTIME_API,IMPLEMENTED,OBJECT_RPC,src/corex_remote_cuda.c cudaEventElapsedTime,server/runtime_server.c handle_event_elapsed,cuEventElapsedTime,OP_EVENT_ELAPSED_TIME=34,FALSE,L1+L2,P1,CoreX timing probe passed; disable-timing rejection is explicit.,M3,PROBE_THEN_IMPLEMENT_OR_MARK_BLOCKED,Implement only after CoreX ground truth; otherwise explicit GROUND_TRUTH_BLOCKED/BACKEND_UNSUPPORTED.
cudaEventQuery,Event,cuda_runtime_api.h,extern __host__ cudaError_t CUDARTAPI cudaEventQuery(cudaEvent_t event);,PUBLIC_RUNTIME_API,IMPLEMENTED,OBJECT_RPC,event readiness + frontier,Event query handler,CoreX event query proven,NONE,FALSE,L1 existing,P0,Census-derived declaration only; semantics not inferred from signature.,M3,REGRESSION_ONLY_UNLESS_REFACTOR_REQUIRED,Existing semantic remains PASS under common gates and capability ledger.
cudaEventRecord,Event,cuda_runtime_api.h,"extern __host__ __cudart_builtin__ cudaError_t CUDARTAPI cudaEventRecord(cudaEvent_t event, cudaStream_t stream __dv(0));",PUBLIC_RUNTIME_API,IMPLEMENTED,SEMANTIC_RPC,event frontier capture,Event record handler,CoreX event record proven,NONE,FALSE,L1 existing + ordering,P0,Census-derived declaration only; semantics not inferred from signature.,M3,REGRESSION_ONLY_UNLESS_REFACTOR_REQUIRED,Existing semantic remains PASS under common gates and capability ledger.
cudaEventSynchronize,Event,cuda_runtime_api.h,extern __host__ cudaError_t CUDARTAPI cudaEventSynchronize(cudaEvent_t event);,PUBLIC_RUNTIME_API,IMPLEMENTED,SEMANTIC_RPC,event frontier retirement,Event sync handler,CoreX event sync proven,NONE,FALSE,L1 existing,P0,Census-derived declaration only; semantics not inferred from signature.,M3,REGRESSION_ONLY_UNLESS_REFACTOR_REQUIRED,Existing semantic remains PASS under common gates and capability ledger.
cudaExternalMemoryGetMappedBuffer,External Resource Interop,cuda_runtime_api.h,"extern __host__ cudaError_t CUDARTAPI cudaExternalMemoryGetMappedBuffer(void **devPtr, cudaExternalMemory_t extMem, const struct cudaExternalMemoryBufferDesc *bufferDesc);",PUBLIC_RUNTIME_API,GROUND_TRUTH_REQUIRED,BACKEND_CAPABILITY,TBD,TBD,CoreX 4.4 API/runtime probe required,TBD after classification,TRUE,TBD,P4,Census-derived declaration only; semantics not inferred from signature.,CENSUS_DECIDES,PROBE_THEN_IMPLEMENT_OR_MARK_BLOCKED,Human classification and CoreX ground truth required before implementation.
cudaExternalMemoryGetMappedMipmappedArray,Array,cuda_runtime_api.h,"extern __host__ cudaError_t CUDARTAPI cudaExternalMemoryGetMappedMipmappedArray(cudaMipmappedArray_t *mipmap, cudaExternalMemory_t extMem, const struct cudaExternalMemoryMipmappedArrayDesc *mipmapDesc);",PUBLIC_RUNTIME_API,GROUND_TRUTH_REQUIRED,BACKEND_CAPABILITY,TBD,TBD,CoreX 4.4 API/runtime probe required,TBD after classification,TRUE,TBD,P4,Census-derived declaration only; semantics not inferred from signature.,CENSUS_DECIDES,PROBE_THEN_IMPLEMENT_OR_MARK_BLOCKED,Human classification and CoreX ground truth required before implementation.
cudaFree,Linear Memory,cuda_runtime_api.h,extern __host__ __cudart_builtin__ cudaError_t CUDARTAPI cudaFree(void *devPtr);,PUBLIC_RUNTIME_API,IMPLEMENTED,SEMANTIC_RPC,allocation registry + transfer drain,Allocation registry + CoreX free,cuMemFree-equivalent already proven,NONE,FALSE,L1 existing + stale/lifecycle,P0,Drains hidden transfers before remote free; semantic path.,M3,REGRESSION_ONLY_UNLESS_REFACTOR_REQUIRED,Existing semantic remains PASS under common gates and capability ledger.
cudaFreeArray,Array,cuda_runtime_api.h,extern __host__ cudaError_t CUDARTAPI cudaFreeArray(cudaArray_t array);,PUBLIC_RUNTIME_API,GROUND_TRUTH_REQUIRED,OBJECT_RPC,TBD,TBD,CoreX 4.4 API/probe required,TBD after classification,TRUE,L1+L2 when implemented,P3,New typed remote Array object; descriptors need DTO.,M4,PROBE_THEN_IMPLEMENT_OR_MARK_BLOCKED,Implement only after CoreX ground truth; otherwise explicit GROUND_TRUTH_BLOCKED/BACKEND_UNSUPPORTED.
cudaFreeAsync,Memory Pool / Async Allocation,cuda_runtime_api.h,"extern __host__ cudaError_t CUDARTAPI cudaFreeAsync(void *devPtr, cudaStream_t hStream);",PUBLIC_RUNTIME_API,GROUND_TRUTH_REQUIRED,STATE_MACHINE,TBD,TBD,CoreX 4.4 API/probe required,TBD after classification,TRUE,L1+L2 when implemented,P3,"Stream-ordered lifetime; capability-gated subsystem, not direct forwarding.",M5,PROBE_THEN_IMPLEMENT_OR_MARK_BLOCKED,Implement only after CoreX ground truth; otherwise explicit GROUND_TRUTH_BLOCKED/BACKEND_UNSUPPORTED.
cudaFreeHost,Host Memory,cuda_runtime_api.h,extern __host__ cudaError_t CUDARTAPI cudaFreeHost(void *ptr);,PUBLIC_RUNTIME_API,GROUND_TRUTH_REQUIRED,STATE_MACHINE,TBD,TBD,CoreX 4.4 API/probe required,TBD after classification,TRUE,L1+L2 when implemented,P2,High-risk host ownership/pinning/mapping semantics; never forward client host pointer as server pointer.,M4,PROBE_THEN_IMPLEMENT_OR_MARK_BLOCKED,Implement only after CoreX ground truth; otherwise explicit GROUND_TRUTH_BLOCKED/BACKEND_UNSUPPORTED.
cudaFreeMipmappedArray,Linear Memory,cuda_runtime_api.h,extern __host__ cudaError_t CUDARTAPI cudaFreeMipmappedArray(cudaMipmappedArray_t mipmappedArray);,PUBLIC_RUNTIME_API,GROUND_TRUTH_REQUIRED,BACKEND_CAPABILITY,TBD,TBD,CoreX 4.4 API/runtime probe required,TBD after classification,TRUE,TBD,P4,Census-derived declaration only; semantics not inferred from signature.,CENSUS_DECIDES,PROBE_THEN_IMPLEMENT_OR_MARK_BLOCKED,Human classification and CoreX ground truth required before implementation.
cudaFuncGetAttributes,Function,cuda_runtime_api.h,"extern __host__ __cudart_builtin__ cudaError_t CUDARTAPI cudaFuncGetAttributes(struct cudaFuncAttributes *attr, const void *func);",PUBLIC_RUNTIME_API,IMPLEMENTED,OBJECT_RPC,src/corex_remote_cuda.c cudaFuncGetAttributes,server/runtime_server.c handle_function_attributes,cuFuncGetAttribute for seven scalar fields,OP_FUNCTION_ATTRIBUTES=37,FALSE,L1+L2,P1,Registered remote kernel token only; fixed 28-byte network-order DTO and null-token/positive integration checks.,M3,PROBE_THEN_IMPLEMENT_OR_MARK_BLOCKED,Implemented after CoreX ground truth; unsupported fields are deterministic zero/default reconstruction.
cudaFuncSetAttribute,Function,cuda_runtime_api.h,"extern __host__ __cudart_builtin__ cudaError_t CUDARTAPI cudaFuncSetAttribute(const void *func, enum cudaFuncAttribute attr, int value);",PUBLIC_RUNTIME_API,GROUND_TRUTH_REQUIRED,SEMANTIC_RPC,TBD,TBD,CoreX 4.4 API/probe required,TBD after classification,TRUE,L1+L2 when implemented,P2,Census-derived declaration only; semantics not inferred from signature.,M3,PROBE_THEN_IMPLEMENT_OR_MARK_BLOCKED,Implement only after CoreX ground truth; otherwise explicit GROUND_TRUTH_BLOCKED/BACKEND_UNSUPPORTED.
cudaFuncSetCacheConfig,Function,cuda_runtime_api.h,"extern __host__ cudaError_t CUDARTAPI cudaFuncSetCacheConfig(const void *func, enum cudaFuncCache cacheConfig);",PUBLIC_RUNTIME_API,GROUND_TRUTH_REQUIRED,SEMANTIC_RPC,TBD,TBD,CoreX 4.4 API/probe required,TBD after classification,TRUE,L1+L2 when implemented,P2,Census-derived declaration only; semantics not inferred from signature.,M3,PROBE_THEN_IMPLEMENT_OR_MARK_BLOCKED,Implement only after CoreX ground truth; otherwise explicit GROUND_TRUTH_BLOCKED/BACKEND_UNSUPPORTED.
cudaFuncSetSharedMemConfig,Execution,cuda_runtime_api.h,"extern __host__ cudaError_t CUDARTAPI cudaFuncSetSharedMemConfig(const void *func, enum cudaSharedMemConfig config);",PUBLIC_RUNTIME_API,GROUND_TRUTH_REQUIRED,BACKEND_CAPABILITY,TBD,TBD,CoreX 4.4 API/runtime probe required,TBD after classification,TRUE,TBD,P4,Census-derived declaration only; semantics not inferred from signature.,CENSUS_DECIDES,PROBE_THEN_IMPLEMENT_OR_MARK_BLOCKED,Human classification and CoreX ground truth required before implementation.
cudaGetChannelDesc,Other Runtime,cuda_runtime_api.h,"extern __host__ cudaError_t CUDARTAPI cudaGetChannelDesc(struct cudaChannelFormatDesc *desc, cudaArray_const_t array);",PUBLIC_RUNTIME_API,GROUND_TRUTH_REQUIRED,BACKEND_CAPABILITY,TBD,TBD,CoreX 4.4 API/runtime probe required,TBD after classification,TRUE,TBD,P4,Census-derived declaration only; semantics not inferred from signature.,CENSUS_DECIDES,PROBE_THEN_IMPLEMENT_OR_MARK_BLOCKED,Human classification and CoreX ground truth required before implementation.
cudaGetDevice,Device,cuda_runtime_api.h,extern __host__ __cudart_builtin__ cudaError_t CUDARTAPI cudaGetDevice(int *device);,PUBLIC_RUNTIME_API,IMPLEMENTED,CLIENT_ONLY,src/corex_remote_cuda.c TLS current_device,none,Current single-device model,NONE,FALSE,L1 existing + TLS isolation,P0,Census-derived declaration only; semantics not inferred from signature.,M3,REGRESSION_ONLY_UNLESS_REFACTOR_REQUIRED,Existing semantic remains PASS under common gates and capability ledger.
cudaGetDeviceCount,Device,cuda_runtime_api.h,extern __host__ __cudart_builtin__ cudaError_t CUDARTAPI cudaGetDeviceCount(int *count);,PUBLIC_RUNTIME_API,IMPLEMENTED,CLIENT_ONLY,src/corex_remote_cuda.c -> RuntimeContext,none (session connect only),Current configured single remote device model,NONE,FALSE,L1 existing + multithread,P0,Currently returns 1 after Runtime initialization; multi-device is later redesign.,M3,REGRESSION_ONLY_UNLESS_REFACTOR_REQUIRED,Existing semantic remains PASS under common gates and capability ledger.
cudaGetDeviceFlags,Device,cuda_runtime_api.h,extern __host__ cudaError_t CUDARTAPI cudaGetDeviceFlags( unsigned int *flags );,PUBLIC_RUNTIME_API,GROUND_TRUTH_REQUIRED,GENERATED_RPC,TBD,TBD,CoreX 4.4 API/probe required,TBD after classification,TRUE,L1+L2 when implemented,P1,Census-derived declaration only; semantics not inferred from signature.,M3,PROBE_THEN_IMPLEMENT_OR_MARK_BLOCKED,Implement only after CoreX ground truth; otherwise explicit GROUND_TRUTH_BLOCKED/BACKEND_UNSUPPORTED.
cudaGetDeviceProperties,Device,cuda_runtime_api.h,"extern __host__ __cudart_builtin__ cudaError_t CUDARTAPI cudaGetDeviceProperties(struct cudaDeviceProp *prop, int device);",PUBLIC_RUNTIME_API,IMPLEMENTED,GENERATED_RPC,src/corex_device_api.c + internal DTO,OP_GET_DEVICE_INFO handler,CoreX Driver device attributes already proven,NONE,FALSE,L1 existing direct-value assertions; L2/L3 later,P0,Current path is handwritten. Keep field-wise DTO reconstruction; never native struct memcpy.,M3,REGRESSION_ONLY_UNLESS_REFACTOR_REQUIRED,Existing semantic remains PASS under common gates and capability ledger.
cudaGetDriverEntryPoint,Other Runtime,cuda_runtime_api.h,"extern __host__ cudaError_t CUDARTAPI cudaGetDriverEntryPoint(const char *symbol, void **funcPtr, unsigned long long flags);",PUBLIC_RUNTIME_API,GROUND_TRUTH_REQUIRED,BACKEND_CAPABILITY,TBD,TBD,CoreX 4.4 API/runtime probe required,TBD after classification,TRUE,TBD,P4,Census-derived declaration only; semantics not inferred from signature.,CENSUS_DECIDES,PROBE_THEN_IMPLEMENT_OR_MARK_BLOCKED,Human classification and CoreX ground truth required before implementation.
cudaGetErrorName,Error,cuda_runtime_api.h,extern __host__ __cudart_builtin__ const char* CUDARTAPI cudaGetErrorName(cudaError_t error);,PUBLIC_RUNTIME_API,GROUND_TRUTH_REQUIRED,BACKEND_CAPABILITY,TBD,TBD,CoreX 4.4 API/runtime probe required,TBD after classification,TRUE,TBD,P4,Census-derived declaration only; semantics not inferred from signature.,CENSUS_DECIDES,PROBE_THEN_IMPLEMENT_OR_MARK_BLOCKED,Human classification and CoreX ground truth required before implementation.
cudaGetErrorString,Error,cuda_runtime_api.h,extern __host__ __cudart_builtin__ const char* CUDARTAPI cudaGetErrorString(cudaError_t error);,PUBLIC_RUNTIME_API,IMPLEMENTED,CLIENT_ONLY,local mapping,none,none,NONE,FALSE,L0/L1,P0,Census-derived declaration only; semantics not inferred from signature.,M1/M3,REGRESSION_ONLY_UNLESS_REFACTOR_REQUIRED,Existing semantic remains PASS under common gates and capability ledger.
cudaGetExportTable,Other Runtime,cuda_runtime_api.h,"extern __host__ cudaError_t CUDARTAPI cudaGetExportTable(const void **ppExportTable, const cudaUUID_t *pExportTableId);",PUBLIC_RUNTIME_API,GROUND_TRUTH_REQUIRED,BACKEND_CAPABILITY,TBD,TBD,CoreX 4.4 API/runtime probe required,TBD after classification,TRUE,TBD,P4,Census-derived declaration only; semantics not inferred from signature.,CENSUS_DECIDES,PROBE_THEN_IMPLEMENT_OR_MARK_BLOCKED,Human classification and CoreX ground truth required before implementation.
cudaGetFuncBySymbol,Execution,cuda_runtime_api.h,"extern __host__ __cudart_builtin__ cudaError_t CUDARTAPI cudaGetFuncBySymbol(cudaFunction_t *functionPtr, const void *symbolPtr);",PUBLIC_RUNTIME_API,GROUND_TRUTH_REQUIRED,BACKEND_CAPABILITY,TBD,TBD,CoreX 4.4 API/runtime probe required,TBD after classification,TRUE,TBD,P4,Census-derived declaration only; semantics not inferred from signature.,CENSUS_DECIDES,PROBE_THEN_IMPLEMENT_OR_MARK_BLOCKED,Human classification and CoreX ground truth required before implementation.
cudaGetKernel,Other Runtime,cuda_runtime_api.h,"extern __host__ __cudart_builtin__ cudaError_t CUDARTAPI cudaGetKernel(cudaKernel_t *kernelPtr, const void *entryFuncAddr);",PUBLIC_RUNTIME_API,GROUND_TRUTH_REQUIRED,BACKEND_CAPABILITY,TBD,TBD,CoreX 4.4 API/runtime probe required,TBD after classification,TRUE,TBD,P4,Census-derived declaration only; semantics not inferred from signature.,CENSUS_DECIDES,PROBE_THEN_IMPLEMENT_OR_MARK_BLOCKED,Human classification and CoreX ground truth required before implementation.
cudaGetLastError,Error,cuda_runtime_api.h,extern __host__ __cudart_builtin__ cudaError_t CUDARTAPI cudaGetLastError(void);,PUBLIC_RUNTIME_API,IMPLEMENTED,CLIENT_ONLY,TLS last error,none,none,NONE,FALSE,L0/L1 TLS,P0,Census-derived declaration only; semantics not inferred from signature.,M1/M3,REGRESSION_ONLY_UNLESS_REFACTOR_REQUIRED,Existing semantic remains PASS under common gates and capability ledger.
cudaGetMipmappedArrayLevel,Array,cuda_runtime_api.h,"extern __host__ cudaError_t CUDARTAPI cudaGetMipmappedArrayLevel(cudaArray_t *levelArray, cudaMipmappedArray_const_t mipmappedArray, unsigned int level);",PUBLIC_RUNTIME_API,GROUND_TRUTH_REQUIRED,BACKEND_CAPABILITY,TBD,TBD,CoreX 4.4 API/runtime probe required,TBD after classification,TRUE,TBD,P4,Census-derived declaration only; semantics not inferred from signature.,CENSUS_DECIDES,PROBE_THEN_IMPLEMENT_OR_MARK_BLOCKED,Human classification and CoreX ground truth required before implementation.
cudaGetSurfaceObjectResourceDesc,Surface Object,cuda_runtime_api.h,"extern __host__ cudaError_t CUDARTAPI cudaGetSurfaceObjectResourceDesc(struct cudaResourceDesc *pResDesc, cudaSurfaceObject_t surfObject);",PUBLIC_RUNTIME_API,GROUND_TRUTH_REQUIRED,OBJECT_RPC,TBD,TBD,CoreX 4.4 API/probe required,TBD after classification,TRUE,L1+L2 when implemented,P3,Census-derived declaration only; semantics not inferred from signature.,M4,PROBE_THEN_IMPLEMENT_OR_MARK_BLOCKED,Implement only after CoreX ground truth; otherwise explicit GROUND_TRUTH_BLOCKED/BACKEND_UNSUPPORTED.
cudaGetSurfaceReference,Surface Object,cuda_runtime_api.h,"extern __host__ cudaError_t CUDARTAPI cudaGetSurfaceReference(const struct surfaceReference **surfref, const void *symbol);",PUBLIC_RUNTIME_API,GROUND_TRUTH_REQUIRED,BACKEND_CAPABILITY,TBD,TBD,CoreX 4.4 API/runtime probe required,TBD after classification,TRUE,TBD,P4,Census-derived declaration only; semantics not inferred from signature.,CENSUS_DECIDES,PROBE_THEN_IMPLEMENT_OR_MARK_BLOCKED,Human classification and CoreX ground truth required before implementation.
cudaGetSymbolAddress,Other Runtime,cuda_runtime_api.h,"extern __host__ cudaError_t CUDARTAPI cudaGetSymbolAddress(void **devPtr, const void *symbol);",PUBLIC_RUNTIME_API,GROUND_TRUTH_REQUIRED,BACKEND_CAPABILITY,TBD,TBD,CoreX 4.4 API/runtime probe required,TBD after classification,TRUE,TBD,P4,Census-derived declaration only; semantics not inferred from signature.,CENSUS_DECIDES,PROBE_THEN_IMPLEMENT_OR_MARK_BLOCKED,Human classification and CoreX ground truth required before implementation.
cudaGetSymbolSize,Other Runtime,cuda_runtime_api.h,"extern __host__ cudaError_t CUDARTAPI cudaGetSymbolSize(size_t *size, const void *symbol);",PUBLIC_RUNTIME_API,GROUND_TRUTH_REQUIRED,BACKEND_CAPABILITY,TBD,TBD,CoreX 4.4 API/runtime probe required,TBD after classification,TRUE,TBD,P4,Census-derived declaration only; semantics not inferred from signature.,CENSUS_DECIDES,PROBE_THEN_IMPLEMENT_OR_MARK_BLOCKED,Human classification and CoreX ground truth required before implementation.
cudaGetTextureAlignmentOffset,Texture Object,cuda_runtime_api.h,"extern __host__ cudaError_t CUDARTAPI cudaGetTextureAlignmentOffset(size_t *offset, const struct textureReference *texref);",PUBLIC_RUNTIME_API,GROUND_TRUTH_REQUIRED,BACKEND_CAPABILITY,TBD,TBD,CoreX 4.4 API/runtime probe required,TBD after classification,TRUE,TBD,P4,Census-derived declaration only; semantics not inferred from signature.,CENSUS_DECIDES,PROBE_THEN_IMPLEMENT_OR_MARK_BLOCKED,Human classification and CoreX ground truth required before implementation.
cudaGetTextureObjectResourceDesc,Texture Object,cuda_runtime_api.h,"extern __host__ cudaError_t CUDARTAPI cudaGetTextureObjectResourceDesc(struct cudaResourceDesc *pResDesc, cudaTextureObject_t texObject);",PUBLIC_RUNTIME_API,GROUND_TRUTH_REQUIRED,OBJECT_RPC,TBD,TBD,CoreX 4.4 API/probe required,TBD after classification,TRUE,L1+L2 when implemented,P3,Requires Array/resource descriptor support and kernel validation.,M4,PROBE_THEN_IMPLEMENT_OR_MARK_BLOCKED,Implement only after CoreX ground truth; otherwise explicit GROUND_TRUTH_BLOCKED/BACKEND_UNSUPPORTED.
cudaGetTextureObjectResourceViewDesc,Texture Object,cuda_runtime_api.h,"extern __host__ cudaError_t CUDARTAPI cudaGetTextureObjectResourceViewDesc(struct cudaResourceViewDesc *pResViewDesc, cudaTextureObject_t texObject);",PUBLIC_RUNTIME_API,GROUND_TRUTH_REQUIRED,BACKEND_CAPABILITY,TBD,TBD,CoreX 4.4 API/runtime probe required,TBD after classification,TRUE,TBD,P4,Census-derived declaration only; semantics not inferred from signature.,CENSUS_DECIDES,PROBE_THEN_IMPLEMENT_OR_MARK_BLOCKED,Human classification and CoreX ground truth required before implementation.
cudaGetTextureObjectTextureDesc,Texture Object,cuda_runtime_api.h,"extern __host__ cudaError_t CUDARTAPI cudaGetTextureObjectTextureDesc(struct cudaTextureDesc *pTexDesc, cudaTextureObject_t texObject);",PUBLIC_RUNTIME_API,GROUND_TRUTH_REQUIRED,OBJECT_RPC,TBD,TBD,CoreX 4.4 API/probe required,TBD after classification,TRUE,L1+L2 when implemented,P3,Requires Array/resource descriptor support and kernel validation.,M4,PROBE_THEN_IMPLEMENT_OR_MARK_BLOCKED,Implement only after CoreX ground truth; otherwise explicit GROUND_TRUTH_BLOCKED/BACKEND_UNSUPPORTED.
cudaGetTextureReference,Texture Object,cuda_runtime_api.h,"extern __host__ cudaError_t CUDARTAPI cudaGetTextureReference(const struct textureReference **texref, const void *symbol);",PUBLIC_RUNTIME_API,GROUND_TRUTH_REQUIRED,BACKEND_CAPABILITY,TBD,TBD,CoreX 4.4 API/runtime probe required,TBD after classification,TRUE,TBD,P4,Census-derived declaration only; semantics not inferred from signature.,CENSUS_DECIDES,PROBE_THEN_IMPLEMENT_OR_MARK_BLOCKED,Human classification and CoreX ground truth required before implementation.
cudaGraphAddChildGraphNode,Graph,cuda_runtime_api.h,"extern __host__ cudaError_t CUDARTAPI cudaGraphAddChildGraphNode(cudaGraphNode_t *pGraphNode, cudaGraph_t graph, const cudaGraphNode_t *pDependencies, size_t numDependencies, cudaGraph_t childGraph);",PUBLIC_RUNTIME_API,GROUND_TRUTH_REQUIRED,BACKEND_CAPABILITY,TBD,TBD,CoreX 4.4 API/runtime probe required,TBD after classification,TRUE,TBD,P4,Census-derived declaration only; semantics not inferred from signature.,CENSUS_DECIDES,PROBE_THEN_IMPLEMENT_OR_MARK_BLOCKED,Human classification and CoreX ground truth required before implementation.
cudaGraphAddDependencies,Graph,cuda_runtime_api.h,"extern __host__ cudaError_t CUDARTAPI cudaGraphAddDependencies(cudaGraph_t graph, const cudaGraphNode_t *from, const cudaGraphNode_t *to, size_t numDependencies);",PUBLIC_RUNTIME_API,GROUND_TRUTH_REQUIRED,BACKEND_CAPABILITY,TBD,TBD,CoreX 4.4 API/runtime probe required,TBD after classification,TRUE,TBD,P4,Census-derived declaration only; semantics not inferred from signature.,CENSUS_DECIDES,PROBE_THEN_IMPLEMENT_OR_MARK_BLOCKED,Human classification and CoreX ground truth required before implementation.
cudaGraphAddEmptyNode,Graph,cuda_runtime_api.h,"extern __host__ cudaError_t CUDARTAPI cudaGraphAddEmptyNode(cudaGraphNode_t *pGraphNode, cudaGraph_t graph, const cudaGraphNode_t *pDependencies, size_t numDependencies);",PUBLIC_RUNTIME_API,GROUND_TRUTH_REQUIRED,BACKEND_CAPABILITY,TBD,TBD,CoreX 4.4 API/runtime probe required,TBD after classification,TRUE,TBD,P4,Census-derived declaration only; semantics not inferred from signature.,CENSUS_DECIDES,PROBE_THEN_IMPLEMENT_OR_MARK_BLOCKED,Human classification and CoreX ground truth required before implementation.
cudaGraphAddEventRecordNode,Graph,cuda_runtime_api.h,"extern __host__ cudaError_t CUDARTAPI cudaGraphAddEventRecordNode(cudaGraphNode_t *pGraphNode, cudaGraph_t graph, const cudaGraphNode_t *pDependencies, size_t numDependencies, cudaEvent_t event);",PUBLIC_RUNTIME_API,GROUND_TRUTH_REQUIRED,BACKEND_CAPABILITY,TBD,TBD,CoreX 4.4 API/runtime probe required,TBD after classification,TRUE,TBD,P4,Census-derived declaration only; semantics not inferred from signature.,CENSUS_DECIDES,PROBE_THEN_IMPLEMENT_OR_MARK_BLOCKED,Human classification and CoreX ground truth required before implementation.
cudaGraphAddEventWaitNode,Graph,cuda_runtime_api.h,"extern __host__ cudaError_t CUDARTAPI cudaGraphAddEventWaitNode(cudaGraphNode_t *pGraphNode, cudaGraph_t graph, const cudaGraphNode_t *pDependencies, size_t numDependencies, cudaEvent_t event);",PUBLIC_RUNTIME_API,GROUND_TRUTH_REQUIRED,BACKEND_CAPABILITY,TBD,TBD,CoreX 4.4 API/runtime probe required,TBD after classification,TRUE,TBD,P4,Census-derived declaration only; semantics not inferred from signature.,CENSUS_DECIDES,PROBE_THEN_IMPLEMENT_OR_MARK_BLOCKED,Human classification and CoreX ground truth required before implementation.
cudaGraphAddHostNode,Graph,cuda_runtime_api.h,"extern __host__ cudaError_t CUDARTAPI cudaGraphAddHostNode(cudaGraphNode_t *pGraphNode, cudaGraph_t graph, const cudaGraphNode_t *pDependencies, size_t numDependencies, const struct cudaHostNodeParams *pNodeParams);",PUBLIC_RUNTIME_API,GROUND_TRUTH_REQUIRED,BACKEND_CAPABILITY,TBD,TBD,CoreX 4.4 API/runtime probe required,TBD after classification,TRUE,TBD,P4,Census-derived declaration only; semantics not inferred from signature.,CENSUS_DECIDES,PROBE_THEN_IMPLEMENT_OR_MARK_BLOCKED,Human classification and CoreX ground truth required before implementation.
cudaGraphAddKernelNode,Graph,cuda_runtime_api.h,"extern __host__ cudaError_t CUDARTAPI cudaGraphAddKernelNode(cudaGraphNode_t *pGraphNode, cudaGraph_t graph, const cudaGraphNode_t *pDependencies, size_t numDependencies, const struct cudaKernelNodeParams *pNodeParams);",PUBLIC_RUNTIME_API,GROUND_TRUTH_REQUIRED,STATE_MACHINE,TBD,TBD,CoreX 4.4 API/probe required,TBD after classification,TRUE,L1+L2 when implemented,P3,Dedicated graph/capture subsystem; graph object thread safety and capture interception are handwritten.,M5,PROBE_THEN_IMPLEMENT_OR_MARK_BLOCKED,Implement only after CoreX ground truth; otherwise explicit GROUND_TRUTH_BLOCKED/BACKEND_UNSUPPORTED.
cudaGraphAddMemAllocNode,Graph,cuda_runtime_api.h,"extern __host__ cudaError_t CUDARTAPI cudaGraphAddMemAllocNode(cudaGraphNode_t *pGraphNode, cudaGraph_t graph, const cudaGraphNode_t *pDependencies, size_t numDependencies, struct cudaMemAllocNodeParams *nodeParams);",PUBLIC_RUNTIME_API,GROUND_TRUTH_REQUIRED,BACKEND_CAPABILITY,TBD,TBD,CoreX 4.4 API/runtime probe required,TBD after classification,TRUE,TBD,P4,Census-derived declaration only; semantics not inferred from signature.,CENSUS_DECIDES,PROBE_THEN_IMPLEMENT_OR_MARK_BLOCKED,Human classification and CoreX ground truth required before implementation.
cudaGraphAddMemFreeNode,Graph,cuda_runtime_api.h,"extern __host__ cudaError_t CUDARTAPI cudaGraphAddMemFreeNode(cudaGraphNode_t *pGraphNode, cudaGraph_t graph, const cudaGraphNode_t *pDependencies, size_t numDependencies, void *dptr);",PUBLIC_RUNTIME_API,GROUND_TRUTH_REQUIRED,BACKEND_CAPABILITY,TBD,TBD,CoreX 4.4 API/runtime probe required,TBD after classification,TRUE,TBD,P4,Census-derived declaration only; semantics not inferred from signature.,CENSUS_DECIDES,PROBE_THEN_IMPLEMENT_OR_MARK_BLOCKED,Human classification and CoreX ground truth required before implementation.
cudaGraphAddMemcpyNode,Graph,cuda_runtime_api.h,"extern __host__ cudaError_t CUDARTAPI cudaGraphAddMemcpyNode(cudaGraphNode_t *pGraphNode, cudaGraph_t graph, const cudaGraphNode_t *pDependencies, size_t numDependencies, const struct cudaMemcpy3DParms *pCopyParams);",PUBLIC_RUNTIME_API,GROUND_TRUTH_REQUIRED,STATE_MACHINE,TBD,TBD,CoreX 4.4 API/probe required,TBD after classification,TRUE,L1+L2 when implemented,P3,Dedicated graph/capture subsystem; graph object thread safety and capture interception are handwritten.,M5,PROBE_THEN_IMPLEMENT_OR_MARK_BLOCKED,Implement only after CoreX ground truth; otherwise explicit GROUND_TRUTH_BLOCKED/BACKEND_UNSUPPORTED.
cudaGraphAddMemsetNode,Graph,cuda_runtime_api.h,"extern __host__ cudaError_t CUDARTAPI cudaGraphAddMemsetNode(cudaGraphNode_t *pGraphNode, cudaGraph_t graph, const cudaGraphNode_t *pDependencies, size_t numDependencies, const struct cudaMemsetParams *pMemsetParams);",PUBLIC_RUNTIME_API,GROUND_TRUTH_REQUIRED,BACKEND_CAPABILITY,TBD,TBD,CoreX 4.4 API/runtime probe required,TBD after classification,TRUE,TBD,P4,Census-derived declaration only; semantics not inferred from signature.,CENSUS_DECIDES,PROBE_THEN_IMPLEMENT_OR_MARK_BLOCKED,Human classification and CoreX ground truth required before implementation.
cudaGraphChildGraphNodeGetGraph,Graph,cuda_runtime_api.h,"extern __host__ cudaError_t CUDARTAPI cudaGraphChildGraphNodeGetGraph(cudaGraphNode_t node, cudaGraph_t *pGraph);",PUBLIC_RUNTIME_API,GROUND_TRUTH_REQUIRED,BACKEND_CAPABILITY,TBD,TBD,CoreX 4.4 API/runtime probe required,TBD after classification,TRUE,TBD,P4,Census-derived declaration only; semantics not inferred from signature.,CENSUS_DECIDES,PROBE_THEN_IMPLEMENT_OR_MARK_BLOCKED,Human classification and CoreX ground truth required before implementation.
cudaGraphClone,Graph,cuda_runtime_api.h,"extern __host__ cudaError_t CUDARTAPI cudaGraphClone(cudaGraph_t *pGraphClone, cudaGraph_t originalGraph);",PUBLIC_RUNTIME_API,GROUND_TRUTH_REQUIRED,BACKEND_CAPABILITY,TBD,TBD,CoreX 4.4 API/runtime probe required,TBD after classification,TRUE,TBD,P4,Census-derived declaration only; semantics not inferred from signature.,CENSUS_DECIDES,PROBE_THEN_IMPLEMENT_OR_MARK_BLOCKED,Human classification and CoreX ground truth required before implementation.
cudaGraphCreate,Graph,cuda_runtime_api.h,"extern __host__ cudaError_t CUDARTAPI cudaGraphCreate(cudaGraph_t *pGraph, unsigned int flags);",PUBLIC_RUNTIME_API,GROUND_TRUTH_REQUIRED,STATE_MACHINE,TBD,TBD,CoreX 4.4 API/probe required,TBD after classification,TRUE,L1+L2 when implemented,P3,Dedicated graph/capture subsystem; graph object thread safety and capture interception are handwritten.,M5,PROBE_THEN_IMPLEMENT_OR_MARK_BLOCKED,Implement only after CoreX ground truth; otherwise explicit GROUND_TRUTH_BLOCKED/BACKEND_UNSUPPORTED.
cudaGraphDebugDotPrint,Graph,cuda_runtime_api.h,"extern __host__ cudaError_t CUDARTAPI cudaGraphDebugDotPrint (cudaGraph_t hGraph,const char* path,unsigned int flags);",PUBLIC_RUNTIME_API,GROUND_TRUTH_REQUIRED,BACKEND_CAPABILITY,TBD,TBD,CoreX 4.4 API/runtime probe required,TBD after classification,TRUE,TBD,P4,Census-derived declaration only; semantics not inferred from signature.,CENSUS_DECIDES,PROBE_THEN_IMPLEMENT_OR_MARK_BLOCKED,Human classification and CoreX ground truth required before implementation.
cudaGraphDestroy,Graph,cuda_runtime_api.h,extern __host__ cudaError_t CUDARTAPI cudaGraphDestroy(cudaGraph_t graph);,PUBLIC_RUNTIME_API,GROUND_TRUTH_REQUIRED,STATE_MACHINE,TBD,TBD,CoreX 4.4 API/probe required,TBD after classification,TRUE,L1+L2 when implemented,P3,Dedicated graph/capture subsystem; graph object thread safety and capture interception are handwritten.,M5,PROBE_THEN_IMPLEMENT_OR_MARK_BLOCKED,Implement only after CoreX ground truth; otherwise explicit GROUND_TRUTH_BLOCKED/BACKEND_UNSUPPORTED.
cudaGraphDestroyNode,Graph,cuda_runtime_api.h,extern __host__ cudaError_t CUDARTAPI cudaGraphDestroyNode(cudaGraphNode_t node);,PUBLIC_RUNTIME_API,GROUND_TRUTH_REQUIRED,BACKEND_CAPABILITY,TBD,TBD,CoreX 4.4 API/runtime probe required,TBD after classification,TRUE,TBD,P4,Census-derived declaration only; semantics not inferred from signature.,CENSUS_DECIDES,PROBE_THEN_IMPLEMENT_OR_MARK_BLOCKED,Human classification and CoreX ground truth required before implementation.
cudaGraphEventRecordNodeGetEvent,Graph,cuda_runtime_api.h,"extern __host__ cudaError_t CUDARTAPI cudaGraphEventRecordNodeGetEvent(cudaGraphNode_t node, cudaEvent_t* event);",PUBLIC_RUNTIME_API,GROUND_TRUTH_REQUIRED,BACKEND_CAPABILITY,TBD,TBD,CoreX 4.4 API/runtime probe required,TBD after classification,TRUE,TBD,P4,Census-derived declaration only; semantics not inferred from signature.,CENSUS_DECIDES,PROBE_THEN_IMPLEMENT_OR_MARK_BLOCKED,Human classification and CoreX ground truth required before implementation.
cudaGraphEventRecordNodeSetEvent,Graph,cuda_runtime_api.h,"extern __host__ cudaError_t CUDARTAPI cudaGraphEventRecordNodeSetEvent(cudaGraphNode_t node, cudaEvent_t event);",PUBLIC_RUNTIME_API,GROUND_TRUTH_REQUIRED,BACKEND_CAPABILITY,TBD,TBD,CoreX 4.4 API/runtime probe required,TBD after classification,TRUE,TBD,P4,Census-derived declaration only; semantics not inferred from signature.,CENSUS_DECIDES,PROBE_THEN_IMPLEMENT_OR_MARK_BLOCKED,Human classification and CoreX ground truth required before implementation.
cudaGraphEventWaitNodeGetEvent,Graph,cuda_runtime_api.h,"extern __host__ cudaError_t CUDARTAPI cudaGraphEventWaitNodeGetEvent(cudaGraphNode_t node, cudaEvent_t* event);",PUBLIC_RUNTIME_API,GROUND_TRUTH_REQUIRED,BACKEND_CAPABILITY,TBD,TBD,CoreX 4.4 API/runtime probe required,TBD after classification,TRUE,TBD,P4,Census-derived declaration only; semantics not inferred from signature.,CENSUS_DECIDES,PROBE_THEN_IMPLEMENT_OR_MARK_BLOCKED,Human classification and CoreX ground truth required before implementation.
cudaGraphEventWaitNodeSetEvent,Graph,cuda_runtime_api.h,"extern __host__ cudaError_t CUDARTAPI cudaGraphEventWaitNodeSetEvent(cudaGraphNode_t node, cudaEvent_t event);",PUBLIC_RUNTIME_API,GROUND_TRUTH_REQUIRED,BACKEND_CAPABILITY,TBD,TBD,CoreX 4.4 API/runtime probe required,TBD after classification,TRUE,TBD,P4,Census-derived declaration only; semantics not inferred from signature.,CENSUS_DECIDES,PROBE_THEN_IMPLEMENT_OR_MARK_BLOCKED,Human classification and CoreX ground truth required before implementation.
cudaGraphExecChildGraphNodeSetParams,Graph,cuda_runtime_api.h,"extern __host__ cudaError_t CUDARTAPI cudaGraphExecChildGraphNodeSetParams(cudaGraphExec_t hGraphExec, cudaGraphNode_t node, cudaGraph_t childGraph);",PUBLIC_RUNTIME_API,GROUND_TRUTH_REQUIRED,BACKEND_CAPABILITY,TBD,TBD,CoreX 4.4 API/runtime probe required,TBD after classification,TRUE,TBD,P4,Census-derived declaration only; semantics not inferred from signature.,CENSUS_DECIDES,PROBE_THEN_IMPLEMENT_OR_MARK_BLOCKED,Human classification and CoreX ground truth required before implementation.
cudaGraphExecDestroy,Graph,cuda_runtime_api.h,extern __host__ cudaError_t CUDARTAPI cudaGraphExecDestroy(cudaGraphExec_t graphExec);,PUBLIC_RUNTIME_API,GROUND_TRUTH_REQUIRED,STATE_MACHINE,TBD,TBD,CoreX 4.4 API/probe required,TBD after classification,TRUE,L1+L2 when implemented,P3,Dedicated graph/capture subsystem; graph object thread safety and capture interception are handwritten.,M5,PROBE_THEN_IMPLEMENT_OR_MARK_BLOCKED,Implement only after CoreX ground truth; otherwise explicit GROUND_TRUTH_BLOCKED/BACKEND_UNSUPPORTED.
cudaGraphExecEventRecordNodeSetEvent,Graph,cuda_runtime_api.h,"extern __host__ cudaError_t CUDARTAPI cudaGraphExecEventRecordNodeSetEvent(cudaGraphExec_t hGraphExec, cudaGraphNode_t hNode, cudaEvent_t event);",PUBLIC_RUNTIME_API,GROUND_TRUTH_REQUIRED,BACKEND_CAPABILITY,TBD,TBD,CoreX 4.4 API/runtime probe required,TBD after classification,TRUE,TBD,P4,Census-derived declaration only; semantics not inferred from signature.,CENSUS_DECIDES,PROBE_THEN_IMPLEMENT_OR_MARK_BLOCKED,Human classification and CoreX ground truth required before implementation.
cudaGraphExecEventWaitNodeSetEvent,Graph,cuda_runtime_api.h,"extern __host__ cudaError_t CUDARTAPI cudaGraphExecEventWaitNodeSetEvent(cudaGraphExec_t hGraphExec, cudaGraphNode_t hNode, cudaEvent_t event);",PUBLIC_RUNTIME_API,GROUND_TRUTH_REQUIRED,BACKEND_CAPABILITY,TBD,TBD,CoreX 4.4 API/runtime probe required,TBD after classification,TRUE,TBD,P4,Census-derived declaration only; semantics not inferred from signature.,CENSUS_DECIDES,PROBE_THEN_IMPLEMENT_OR_MARK_BLOCKED,Human classification and CoreX ground truth required before implementation.
cudaGraphExecHostNodeSetParams,Graph,cuda_runtime_api.h,"extern __host__ cudaError_t CUDARTAPI cudaGraphExecHostNodeSetParams(cudaGraphExec_t hGraphExec, cudaGraphNode_t node, const struct cudaHostNodeParams *pNodeParams);",PUBLIC_RUNTIME_API,GROUND_TRUTH_REQUIRED,BACKEND_CAPABILITY,TBD,TBD,CoreX 4.4 API/runtime probe required,TBD after classification,TRUE,TBD,P4,Census-derived declaration only; semantics not inferred from signature.,CENSUS_DECIDES,PROBE_THEN_IMPLEMENT_OR_MARK_BLOCKED,Human classification and CoreX ground truth required before implementation.
cudaGraphExecKernelNodeSetParams,Graph,cuda_runtime_api.h,"extern __host__ cudaError_t CUDARTAPI cudaGraphExecKernelNodeSetParams(cudaGraphExec_t hGraphExec, cudaGraphNode_t node, const struct cudaKernelNodeParams *pNodeParams);",PUBLIC_RUNTIME_API,GROUND_TRUTH_REQUIRED,BACKEND_CAPABILITY,TBD,TBD,CoreX 4.4 API/runtime probe required,TBD after classification,TRUE,TBD,P4,Census-derived declaration only; semantics not inferred from signature.,CENSUS_DECIDES,PROBE_THEN_IMPLEMENT_OR_MARK_BLOCKED,Human classification and CoreX ground truth required before implementation.
cudaGraphExecMemcpyNodeSetParams,Graph,cuda_runtime_api.h,"extern __host__ cudaError_t CUDARTAPI cudaGraphExecMemcpyNodeSetParams(cudaGraphExec_t hGraphExec, cudaGraphNode_t node, const struct cudaMemcpy3DParms *pNodeParams);",PUBLIC_RUNTIME_API,GROUND_TRUTH_REQUIRED,BACKEND_CAPABILITY,TBD,TBD,CoreX 4.4 API/runtime probe required,TBD after classification,TRUE,TBD,P4,Census-derived declaration only; semantics not inferred from signature.,CENSUS_DECIDES,PROBE_THEN_IMPLEMENT_OR_MARK_BLOCKED,Human classification and CoreX ground truth required before implementation.
cudaGraphExecMemsetNodeSetParams,Graph,cuda_runtime_api.h,"extern __host__ cudaError_t CUDARTAPI cudaGraphExecMemsetNodeSetParams(cudaGraphExec_t hGraphExec, cudaGraphNode_t node, const struct cudaMemsetParams *pNodeParams);",PUBLIC_RUNTIME_API,GROUND_TRUTH_REQUIRED,BACKEND_CAPABILITY,TBD,TBD,CoreX 4.4 API/runtime probe required,TBD after classification,TRUE,TBD,P4,Census-derived declaration only; semantics not inferred from signature.,CENSUS_DECIDES,PROBE_THEN_IMPLEMENT_OR_MARK_BLOCKED,Human classification and CoreX ground truth required before implementation.
cudaGraphExecUpdate,Graph,cuda_runtime_api.h,"extern __host__ cudaError_t CUDARTAPI cudaGraphExecUpdate(cudaGraphExec_t hGraphExec, cudaGraph_t hGraph, cudaGraphNode_t *hErrorNode_out, enum cudaGraphExecUpdateResult *updateResult_out);",PUBLIC_RUNTIME_API,GROUND_TRUTH_REQUIRED,STATE_MACHINE,TBD,TBD,CoreX 4.4 API/probe required,TBD after classification,TRUE,L1+L2 when implemented,P3,Dedicated graph/capture subsystem; graph object thread safety and capture interception are handwritten.,M5,PROBE_THEN_IMPLEMENT_OR_MARK_BLOCKED,Implement only after CoreX ground truth; otherwise explicit GROUND_TRUTH_BLOCKED/BACKEND_UNSUPPORTED.
cudaGraphGetEdges,Graph,cuda_runtime_api.h,"extern __host__ cudaError_t CUDARTAPI cudaGraphGetEdges(cudaGraph_t graph, cudaGraphNode_t *from, cudaGraphNode_t *to, size_t *numEdges);",PUBLIC_RUNTIME_API,GROUND_TRUTH_REQUIRED,BACKEND_CAPABILITY,TBD,TBD,CoreX 4.4 API/runtime probe required,TBD after classification,TRUE,TBD,P4,Census-derived declaration only; semantics not inferred from signature.,CENSUS_DECIDES,PROBE_THEN_IMPLEMENT_OR_MARK_BLOCKED,Human classification and CoreX ground truth required before implementation.
cudaGraphGetNodes,Graph,cuda_runtime_api.h,"extern __host__ cudaError_t CUDARTAPI cudaGraphGetNodes(cudaGraph_t graph, cudaGraphNode_t *nodes, size_t *numNodes);",PUBLIC_RUNTIME_API,GROUND_TRUTH_REQUIRED,BACKEND_CAPABILITY,TBD,TBD,CoreX 4.4 API/runtime probe required,TBD after classification,TRUE,TBD,P4,Census-derived declaration only; semantics not inferred from signature.,CENSUS_DECIDES,PROBE_THEN_IMPLEMENT_OR_MARK_BLOCKED,Human classification and CoreX ground truth required before implementation.
cudaGraphGetRootNodes,Graph,cuda_runtime_api.h,"extern __host__ cudaError_t CUDARTAPI cudaGraphGetRootNodes(cudaGraph_t graph, cudaGraphNode_t *pRootNodes, size_t *pNumRootNodes);",PUBLIC_RUNTIME_API,GROUND_TRUTH_REQUIRED,BACKEND_CAPABILITY,TBD,TBD,CoreX 4.4 API/runtime probe required,TBD after classification,TRUE,TBD,P4,Census-derived declaration only; semantics not inferred from signature.,CENSUS_DECIDES,PROBE_THEN_IMPLEMENT_OR_MARK_BLOCKED,Human classification and CoreX ground truth required before implementation.
cudaGraphHostNodeGetParams,Graph,cuda_runtime_api.h,"extern __host__ cudaError_t CUDARTAPI cudaGraphHostNodeGetParams(cudaGraphNode_t node, struct cudaHostNodeParams *pNodeParams);",PUBLIC_RUNTIME_API,GROUND_TRUTH_REQUIRED,BACKEND_CAPABILITY,TBD,TBD,CoreX 4.4 API/runtime probe required,TBD after classification,TRUE,TBD,P4,Census-derived declaration only; semantics not inferred from signature.,CENSUS_DECIDES,PROBE_THEN_IMPLEMENT_OR_MARK_BLOCKED,Human classification and CoreX ground truth required before implementation.
cudaGraphHostNodeSetParams,Graph,cuda_runtime_api.h,"extern __host__ cudaError_t CUDARTAPI cudaGraphHostNodeSetParams(cudaGraphNode_t node, const struct cudaHostNodeParams *pNodeParams);",PUBLIC_RUNTIME_API,GROUND_TRUTH_REQUIRED,BACKEND_CAPABILITY,TBD,TBD,CoreX 4.4 API/runtime probe required,TBD after classification,TRUE,TBD,P4,Census-derived declaration only; semantics not inferred from signature.,CENSUS_DECIDES,PROBE_THEN_IMPLEMENT_OR_MARK_BLOCKED,Human classification and CoreX ground truth required before implementation.
cudaGraphInstantiate,Graph,cuda_runtime_api.h,"extern __host__ cudaError_t CUDARTAPI cudaGraphInstantiate(cudaGraphExec_t *pGraphExec, cudaGraph_t graph, cudaGraphNode_t *pErrorNode, char *pLogBuffer, size_t bufferSize);",PUBLIC_RUNTIME_API,GROUND_TRUTH_REQUIRED,STATE_MACHINE,TBD,TBD,CoreX 4.4 API/probe required,TBD after classification,TRUE,L1+L2 when implemented,P3,Dedicated graph/capture subsystem; graph object thread safety and capture interception are handwritten.,M5,PROBE_THEN_IMPLEMENT_OR_MARK_BLOCKED,Implement only after CoreX ground truth; otherwise explicit GROUND_TRUTH_BLOCKED/BACKEND_UNSUPPORTED.
cudaGraphInstantiateWithFlags,Graph,cuda_runtime_api.h,"extern __host__ cudaError_t CUDARTAPI cudaGraphInstantiateWithFlags(cudaGraphExec_t *pGraphExec, cudaGraph_t graph, unsigned long long flags);",PUBLIC_RUNTIME_API,GROUND_TRUTH_REQUIRED,BACKEND_CAPABILITY,TBD,TBD,CoreX 4.4 API/runtime probe required,TBD after classification,TRUE,TBD,P4,Census-derived declaration only; semantics not inferred from signature.,CENSUS_DECIDES,PROBE_THEN_IMPLEMENT_OR_MARK_BLOCKED,Human classification and CoreX ground truth required before implementation.
cudaGraphKernelNodeGetParams,Graph,cuda_runtime_api.h,"extern __host__ cudaError_t CUDARTAPI cudaGraphKernelNodeGetParams(cudaGraphNode_t node, struct cudaKernelNodeParams *pNodeParams);",PUBLIC_RUNTIME_API,GROUND_TRUTH_REQUIRED,BACKEND_CAPABILITY,TBD,TBD,CoreX 4.4 API/runtime probe required,TBD after classification,TRUE,TBD,P4,Census-derived declaration only; semantics not inferred from signature.,CENSUS_DECIDES,PROBE_THEN_IMPLEMENT_OR_MARK_BLOCKED,Human classification and CoreX ground truth required before implementation.
cudaGraphKernelNodeSetParams,Graph,cuda_runtime_api.h,"extern __host__ cudaError_t CUDARTAPI cudaGraphKernelNodeSetParams(cudaGraphNode_t node, const struct cudaKernelNodeParams *pNodeParams);",PUBLIC_RUNTIME_API,GROUND_TRUTH_REQUIRED,BACKEND_CAPABILITY,TBD,TBD,CoreX 4.4 API/runtime probe required,TBD after classification,TRUE,TBD,P4,Census-derived declaration only; semantics not inferred from signature.,CENSUS_DECIDES,PROBE_THEN_IMPLEMENT_OR_MARK_BLOCKED,Human classification and CoreX ground truth required before implementation.
cudaGraphLaunch,Graph,cuda_runtime_api.h,"extern __host__ cudaError_t CUDARTAPI cudaGraphLaunch(cudaGraphExec_t graphExec, cudaStream_t stream);",PUBLIC_RUNTIME_API,GROUND_TRUTH_REQUIRED,STATE_MACHINE,TBD,TBD,CoreX 4.4 API/probe required,TBD after classification,TRUE,L1+L2 when implemented,P3,Dedicated graph/capture subsystem; graph object thread safety and capture interception are handwritten.,M5,PROBE_THEN_IMPLEMENT_OR_MARK_BLOCKED,Implement only after CoreX ground truth; otherwise explicit GROUND_TRUTH_BLOCKED/BACKEND_UNSUPPORTED.
cudaGraphMemAllocNodeGetParams,Graph,cuda_runtime_api.h,"extern __host__ cudaError_t CUDARTAPI cudaGraphMemAllocNodeGetParams(cudaGraphNode_t node, struct cudaMemAllocNodeParams *params_out);",PUBLIC_RUNTIME_API,GROUND_TRUTH_REQUIRED,BACKEND_CAPABILITY,TBD,TBD,CoreX 4.4 API/runtime probe required,TBD after classification,TRUE,TBD,P4,Census-derived declaration only; semantics not inferred from signature.,CENSUS_DECIDES,PROBE_THEN_IMPLEMENT_OR_MARK_BLOCKED,Human classification and CoreX ground truth required before implementation.
cudaGraphMemFreeNodeGetParams,Graph,cuda_runtime_api.h,"extern __host__ cudaError_t CUDARTAPI cudaGraphMemFreeNodeGetParams(cudaGraphNode_t node, void *dptr_out);",PUBLIC_RUNTIME_API,GROUND_TRUTH_REQUIRED,BACKEND_CAPABILITY,TBD,TBD,CoreX 4.4 API/runtime probe required,TBD after classification,TRUE,TBD,P4,Census-derived declaration only; semantics not inferred from signature.,CENSUS_DECIDES,PROBE_THEN_IMPLEMENT_OR_MARK_BLOCKED,Human classification and CoreX ground truth required before implementation.
cudaGraphMemcpyNodeGetParams,Graph,cuda_runtime_api.h,"extern __host__ cudaError_t CUDARTAPI cudaGraphMemcpyNodeGetParams(cudaGraphNode_t node, struct cudaMemcpy3DParms *pNodeParams);",PUBLIC_RUNTIME_API,GROUND_TRUTH_REQUIRED,BACKEND_CAPABILITY,TBD,TBD,CoreX 4.4 API/runtime probe required,TBD after classification,TRUE,TBD,P4,Census-derived declaration only; semantics not inferred from signature.,CENSUS_DECIDES,PROBE_THEN_IMPLEMENT_OR_MARK_BLOCKED,Human classification and CoreX ground truth required before implementation.
cudaGraphMemcpyNodeSetParams,Graph,cuda_runtime_api.h,"extern __host__ cudaError_t CUDARTAPI cudaGraphMemcpyNodeSetParams(cudaGraphNode_t node, const struct cudaMemcpy3DParms *pNodeParams);",PUBLIC_RUNTIME_API,GROUND_TRUTH_REQUIRED,BACKEND_CAPABILITY,TBD,TBD,CoreX 4.4 API/runtime probe required,TBD after classification,TRUE,TBD,P4,Census-derived declaration only; semantics not inferred from signature.,CENSUS_DECIDES,PROBE_THEN_IMPLEMENT_OR_MARK_BLOCKED,Human classification and CoreX ground truth required before implementation.
cudaGraphMemsetNodeGetParams,Graph,cuda_runtime_api.h,"extern __host__ cudaError_t CUDARTAPI cudaGraphMemsetNodeGetParams(cudaGraphNode_t node, struct cudaMemsetParams *pNodeParams);",PUBLIC_RUNTIME_API,GROUND_TRUTH_REQUIRED,BACKEND_CAPABILITY,TBD,TBD,CoreX 4.4 API/runtime probe required,TBD after classification,TRUE,TBD,P4,Census-derived declaration only; semantics not inferred from signature.,CENSUS_DECIDES,PROBE_THEN_IMPLEMENT_OR_MARK_BLOCKED,Human classification and CoreX ground truth required before implementation.
cudaGraphMemsetNodeSetParams,Graph,cuda_runtime_api.h,"extern __host__ cudaError_t CUDARTAPI cudaGraphMemsetNodeSetParams(cudaGraphNode_t node, const struct cudaMemsetParams *pNodeParams);",PUBLIC_RUNTIME_API,GROUND_TRUTH_REQUIRED,BACKEND_CAPABILITY,TBD,TBD,CoreX 4.4 API/runtime probe required,TBD after classification,TRUE,TBD,P4,Census-derived declaration only; semantics not inferred from signature.,CENSUS_DECIDES,PROBE_THEN_IMPLEMENT_OR_MARK_BLOCKED,Human classification and CoreX ground truth required before implementation.
cudaGraphNodeFindInClone,Graph,cuda_runtime_api.h,"extern __host__ cudaError_t CUDARTAPI cudaGraphNodeFindInClone(cudaGraphNode_t *pNode, cudaGraphNode_t originalNode, cudaGraph_t clonedGraph);",PUBLIC_RUNTIME_API,GROUND_TRUTH_REQUIRED,BACKEND_CAPABILITY,TBD,TBD,CoreX 4.4 API/runtime probe required,TBD after classification,TRUE,TBD,P4,Census-derived declaration only; semantics not inferred from signature.,CENSUS_DECIDES,PROBE_THEN_IMPLEMENT_OR_MARK_BLOCKED,Human classification and CoreX ground truth required before implementation.
cudaGraphNodeGetDependencies,Graph,cuda_runtime_api.h,"extern __host__ cudaError_t CUDARTAPI cudaGraphNodeGetDependencies(cudaGraphNode_t node, cudaGraphNode_t *pDependencies, size_t *pNumDependencies);",PUBLIC_RUNTIME_API,GROUND_TRUTH_REQUIRED,BACKEND_CAPABILITY,TBD,TBD,CoreX 4.4 API/runtime probe required,TBD after classification,TRUE,TBD,P4,Census-derived declaration only; semantics not inferred from signature.,CENSUS_DECIDES,PROBE_THEN_IMPLEMENT_OR_MARK_BLOCKED,Human classification and CoreX ground truth required before implementation.
cudaGraphNodeGetDependentNodes,Graph,cuda_runtime_api.h,"extern __host__ cudaError_t CUDARTAPI cudaGraphNodeGetDependentNodes(cudaGraphNode_t node, cudaGraphNode_t *pDependentNodes, size_t *pNumDependentNodes);",PUBLIC_RUNTIME_API,GROUND_TRUTH_REQUIRED,BACKEND_CAPABILITY,TBD,TBD,CoreX 4.4 API/runtime probe required,TBD after classification,TRUE,TBD,P4,Census-derived declaration only; semantics not inferred from signature.,CENSUS_DECIDES,PROBE_THEN_IMPLEMENT_OR_MARK_BLOCKED,Human classification and CoreX ground truth required before implementation.
cudaGraphNodeGetEnabled,Graph,cuda_runtime_api.h,"extern __host__ cudaError_t CUDARTAPI cudaGraphNodeGetEnabled(cudaGraphExec_t hGraphExec, cudaGraphNode_t hNode, unsigned int* isEnabled);",PUBLIC_RUNTIME_API,GROUND_TRUTH_REQUIRED,BACKEND_CAPABILITY,TBD,TBD,CoreX 4.4 API/runtime probe required,TBD after classification,TRUE,TBD,P4,Census-derived declaration only; semantics not inferred from signature.,CENSUS_DECIDES,PROBE_THEN_IMPLEMENT_OR_MARK_BLOCKED,Human classification and CoreX ground truth required before implementation.
cudaGraphNodeGetType,Graph,cuda_runtime_api.h,"extern __host__ cudaError_t CUDARTAPI cudaGraphNodeGetType(cudaGraphNode_t node, enum cudaGraphNodeType *pType);",PUBLIC_RUNTIME_API,GROUND_TRUTH_REQUIRED,BACKEND_CAPABILITY,TBD,TBD,CoreX 4.4 API/runtime probe required,TBD after classification,TRUE,TBD,P4,Census-derived declaration only; semantics not inferred from signature.,CENSUS_DECIDES,PROBE_THEN_IMPLEMENT_OR_MARK_BLOCKED,Human classification and CoreX ground truth required before implementation.
cudaGraphNodeSetEnabled,Graph,cuda_runtime_api.h,"extern __host__ cudaError_t CUDARTAPI cudaGraphNodeSetEnabled(cudaGraphExec_t hGraphExec, cudaGraphNode_t hNode, unsigned int isEnabled);",PUBLIC_RUNTIME_API,GROUND_TRUTH_REQUIRED,BACKEND_CAPABILITY,TBD,TBD,CoreX 4.4 API/runtime probe required,TBD after classification,TRUE,TBD,P4,Census-derived declaration only; semantics not inferred from signature.,CENSUS_DECIDES,PROBE_THEN_IMPLEMENT_OR_MARK_BLOCKED,Human classification and CoreX ground truth required before implementation.
cudaGraphRemoveDependencies,Graph,cuda_runtime_api.h,"extern __host__ cudaError_t CUDARTAPI cudaGraphRemoveDependencies(cudaGraph_t graph, const cudaGraphNode_t *from, const cudaGraphNode_t *to, size_t numDependencies);",PUBLIC_RUNTIME_API,GROUND_TRUTH_REQUIRED,BACKEND_CAPABILITY,TBD,TBD,CoreX 4.4 API/runtime probe required,TBD after classification,TRUE,TBD,P4,Census-derived declaration only; semantics not inferred from signature.,CENSUS_DECIDES,PROBE_THEN_IMPLEMENT_OR_MARK_BLOCKED,Human classification and CoreX ground truth required before implementation.
cudaGraphRetainUserObject,Graph,cuda_runtime_api.h,"extern __host__ cudaError_t CUDARTAPI cudaGraphRetainUserObject(cudaGraph_t graph,cudaUserObject_t object, unsigned int count __dv(1), unsigned int flags __dv(0));",PUBLIC_RUNTIME_API,GROUND_TRUTH_REQUIRED,BACKEND_CAPABILITY,TBD,TBD,CoreX 4.4 API/runtime probe required,TBD after classification,TRUE,TBD,P4,Census-derived declaration only; semantics not inferred from signature.,CENSUS_DECIDES,PROBE_THEN_IMPLEMENT_OR_MARK_BLOCKED,Human classification and CoreX ground truth required before implementation.
cudaGraphUpload,Graph,cuda_runtime_api.h,"extern __host__ cudaError_t CUDARTAPI cudaGraphUpload(cudaGraphExec_t graphExec, cudaStream_t stream);",PUBLIC_RUNTIME_API,GROUND_TRUTH_REQUIRED,BACKEND_CAPABILITY,TBD,TBD,CoreX 4.4 API/runtime probe required,TBD after classification,TRUE,TBD,P4,Census-derived declaration only; semantics not inferred from signature.,CENSUS_DECIDES,PROBE_THEN_IMPLEMENT_OR_MARK_BLOCKED,Human classification and CoreX ground truth required before implementation.
cudaGraphicsMapResources,Graph,cuda_runtime_api.h,"extern __host__ cudaError_t CUDARTAPI cudaGraphicsMapResources(int count, cudaGraphicsResource_t *resources, cudaStream_t stream __dv(0));",PUBLIC_RUNTIME_API,GROUND_TRUTH_REQUIRED,BACKEND_CAPABILITY,TBD,TBD,CoreX 4.4 API/runtime probe required,TBD after classification,TRUE,TBD,P4,Census-derived declaration only; semantics not inferred from signature.,CENSUS_DECIDES,PROBE_THEN_IMPLEMENT_OR_MARK_BLOCKED,Human classification and CoreX ground truth required before implementation.
cudaGraphicsResourceGetMappedMipmappedArray,Graph,cuda_runtime_api.h,"extern __host__ cudaError_t CUDARTAPI cudaGraphicsResourceGetMappedMipmappedArray(cudaMipmappedArray_t *mipmappedArray, cudaGraphicsResource_t resource);",PUBLIC_RUNTIME_API,GROUND_TRUTH_REQUIRED,BACKEND_CAPABILITY,TBD,TBD,CoreX 4.4 API/runtime probe required,TBD after classification,TRUE,TBD,P4,Census-derived declaration only; semantics not inferred from signature.,CENSUS_DECIDES,PROBE_THEN_IMPLEMENT_OR_MARK_BLOCKED,Human classification and CoreX ground truth required before implementation.
cudaGraphicsResourceGetMappedPointer,Graph,cuda_runtime_api.h,"extern __host__ cudaError_t CUDARTAPI cudaGraphicsResourceGetMappedPointer(void **devPtr, size_t *size, cudaGraphicsResource_t resource);",PUBLIC_RUNTIME_API,GROUND_TRUTH_REQUIRED,BACKEND_CAPABILITY,TBD,TBD,CoreX 4.4 API/runtime probe required,TBD after classification,TRUE,TBD,P4,Census-derived declaration only; semantics not inferred from signature.,CENSUS_DECIDES,PROBE_THEN_IMPLEMENT_OR_MARK_BLOCKED,Human classification and CoreX ground truth required before implementation.
cudaGraphicsResourceSetMapFlags,Graph,cuda_runtime_api.h,"extern __host__ cudaError_t CUDARTAPI cudaGraphicsResourceSetMapFlags(cudaGraphicsResource_t resource, unsigned int flags);",PUBLIC_RUNTIME_API,GROUND_TRUTH_REQUIRED,BACKEND_CAPABILITY,TBD,TBD,CoreX 4.4 API/runtime probe required,TBD after classification,TRUE,TBD,P4,Census-derived declaration only; semantics not inferred from signature.,CENSUS_DECIDES,PROBE_THEN_IMPLEMENT_OR_MARK_BLOCKED,Human classification and CoreX ground truth required before implementation.
cudaGraphicsSubResourceGetMappedArray,Graph,cuda_runtime_api.h,"extern __host__ cudaError_t CUDARTAPI cudaGraphicsSubResourceGetMappedArray(cudaArray_t *array, cudaGraphicsResource_t resource, unsigned int arrayIndex, unsigned int mipLevel);",PUBLIC_RUNTIME_API,GROUND_TRUTH_REQUIRED,BACKEND_CAPABILITY,TBD,TBD,CoreX 4.4 API/runtime probe required,TBD after classification,TRUE,TBD,P4,Census-derived declaration only; semantics not inferred from signature.,CENSUS_DECIDES,PROBE_THEN_IMPLEMENT_OR_MARK_BLOCKED,Human classification and CoreX ground truth required before implementation.
cudaGraphicsUnmapResources,Graph,cuda_runtime_api.h,"extern __host__ cudaError_t CUDARTAPI cudaGraphicsUnmapResources(int count, cudaGraphicsResource_t *resources, cudaStream_t stream __dv(0));",PUBLIC_RUNTIME_API,GROUND_TRUTH_REQUIRED,BACKEND_CAPABILITY,TBD,TBD,CoreX 4.4 API/runtime probe required,TBD after classification,TRUE,TBD,P4,Census-derived declaration only; semantics not inferred from signature.,CENSUS_DECIDES,PROBE_THEN_IMPLEMENT_OR_MARK_BLOCKED,Human classification and CoreX ground truth required before implementation.
cudaGraphicsUnregisterResource,Graph,cuda_runtime_api.h,extern __host__ cudaError_t CUDARTAPI cudaGraphicsUnregisterResource(cudaGraphicsResource_t resource);,PUBLIC_RUNTIME_API,GROUND_TRUTH_REQUIRED,BACKEND_CAPABILITY,TBD,TBD,CoreX 4.4 API/runtime probe required,TBD after classification,TRUE,TBD,P4,Census-derived declaration only; semantics not inferred from signature.,CENSUS_DECIDES,PROBE_THEN_IMPLEMENT_OR_MARK_BLOCKED,Human classification and CoreX ground truth required before implementation.
cudaHostAlloc,Host Memory,cuda_runtime_api.h,"extern __host__ cudaError_t CUDARTAPI cudaHostAlloc(void **pHost, size_t size, unsigned int flags);",PUBLIC_RUNTIME_API,GROUND_TRUTH_REQUIRED,STATE_MACHINE,TBD,TBD,CoreX 4.4 API/probe required,TBD after classification,TRUE,L1+L2 when implemented,P2,High-risk host ownership/pinning/mapping semantics; never forward client host pointer as server pointer.,M4,PROBE_THEN_IMPLEMENT_OR_MARK_BLOCKED,Implement only after CoreX ground truth; otherwise explicit GROUND_TRUTH_BLOCKED/BACKEND_UNSUPPORTED.
cudaHostGetDevicePointer,Host Memory,cuda_runtime_api.h,"extern __host__ cudaError_t CUDARTAPI cudaHostGetDevicePointer(void **pDevice, void *pHost, unsigned int flags);",PUBLIC_RUNTIME_API,GROUND_TRUTH_REQUIRED,STATE_MACHINE,TBD,TBD,CoreX 4.4 API/probe required,TBD after classification,TRUE,L1+L2 when implemented,P2,High-risk host ownership/pinning/mapping semantics; never forward client host pointer as server pointer.,M4,PROBE_THEN_IMPLEMENT_OR_MARK_BLOCKED,Implement only after CoreX ground truth; otherwise explicit GROUND_TRUTH_BLOCKED/BACKEND_UNSUPPORTED.
cudaHostGetFlags,Host Memory,cuda_runtime_api.h,"extern __host__ cudaError_t CUDARTAPI cudaHostGetFlags(unsigned int *pFlags, void *pHost);",PUBLIC_RUNTIME_API,GROUND_TRUTH_REQUIRED,STATE_MACHINE,TBD,TBD,CoreX 4.4 API/probe required,TBD after classification,TRUE,L1+L2 when implemented,P2,High-risk host ownership/pinning/mapping semantics; never forward client host pointer as server pointer.,M4,PROBE_THEN_IMPLEMENT_OR_MARK_BLOCKED,Implement only after CoreX ground truth; otherwise explicit GROUND_TRUTH_BLOCKED/BACKEND_UNSUPPORTED.
cudaHostRegister,Host Memory,cuda_runtime_api.h,"extern __host__ cudaError_t CUDARTAPI cudaHostRegister(void *ptr, size_t size, unsigned int flags);",PUBLIC_RUNTIME_API,GROUND_TRUTH_REQUIRED,STATE_MACHINE,TBD,TBD,CoreX 4.4 API/probe required,TBD after classification,TRUE,L1+L2 when implemented,P2,High-risk host ownership/pinning/mapping semantics; never forward client host pointer as server pointer.,M4,PROBE_THEN_IMPLEMENT_OR_MARK_BLOCKED,Implement only after CoreX ground truth; otherwise explicit GROUND_TRUTH_BLOCKED/BACKEND_UNSUPPORTED.
cudaHostUnregister,Host Memory,cuda_runtime_api.h,extern __host__ cudaError_t CUDARTAPI cudaHostUnregister(void *ptr);,PUBLIC_RUNTIME_API,GROUND_TRUTH_REQUIRED,STATE_MACHINE,TBD,TBD,CoreX 4.4 API/probe required,TBD after classification,TRUE,L1+L2 when implemented,P2,High-risk host ownership/pinning/mapping semantics; never forward client host pointer as server pointer.,M4,PROBE_THEN_IMPLEMENT_OR_MARK_BLOCKED,Implement only after CoreX ground truth; otherwise explicit GROUND_TRUTH_BLOCKED/BACKEND_UNSUPPORTED.
cudaImportExternalMemory,External Resource Interop,cuda_runtime_api.h,"extern __host__ cudaError_t CUDARTAPI cudaImportExternalMemory(cudaExternalMemory_t *extMem_out, const struct cudaExternalMemoryHandleDesc *memHandleDesc);",PUBLIC_RUNTIME_API,OUT_OF_SCOPE_CURRENT,CAPABILITY_GATED,TBD,TBD,CoreX 4.4 API/probe required,TBD after classification,TRUE,L1+L2 when implemented,P4,Keep visible in census/ledger; not current architecture driver.,CENSUS_DECIDES,PROBE_THEN_IMPLEMENT_OR_MARK_BLOCKED,Implement only after CoreX ground truth; otherwise explicit GROUND_TRUTH_BLOCKED/BACKEND_UNSUPPORTED.
cudaImportExternalSemaphore,External Resource Interop,cuda_runtime_api.h,"extern __host__ cudaError_t CUDARTAPI cudaImportExternalSemaphore(cudaExternalSemaphore_t *extSem_out, const struct cudaExternalSemaphoreHandleDesc *semHandleDesc);",PUBLIC_RUNTIME_API,OUT_OF_SCOPE_CURRENT,CAPABILITY_GATED,TBD,TBD,CoreX 4.4 API/probe required,TBD after classification,TRUE,L1+L2 when implemented,P4,Keep visible in census/ledger; not current architecture driver.,CENSUS_DECIDES,PROBE_THEN_IMPLEMENT_OR_MARK_BLOCKED,Implement only after CoreX ground truth; otherwise explicit GROUND_TRUTH_BLOCKED/BACKEND_UNSUPPORTED.
cudaIpcCloseMemHandle,IPC,cuda_runtime_api.h,extern __host__ cudaError_t CUDARTAPI cudaIpcCloseMemHandle(void *devPtr);,PUBLIC_RUNTIME_API,GROUND_TRUTH_REQUIRED,BACKEND_CAPABILITY,TBD,TBD,CoreX 4.4 API/runtime probe required,TBD after classification,TRUE,TBD,P4,Census-derived declaration only; semantics not inferred from signature.,CENSUS_DECIDES,PROBE_THEN_IMPLEMENT_OR_MARK_BLOCKED,Human classification and CoreX ground truth required before implementation.
cudaIpcGetEventHandle,Event,cuda_runtime_api.h,"extern __host__ cudaError_t CUDARTAPI cudaIpcGetEventHandle(cudaIpcEventHandle_t *handle, cudaEvent_t event);",PUBLIC_RUNTIME_API,GROUND_TRUTH_REQUIRED,BACKEND_CAPABILITY,TBD,TBD,CoreX 4.4 API/runtime probe required,TBD after classification,TRUE,TBD,P4,Census-derived declaration only; semantics not inferred from signature.,CENSUS_DECIDES,PROBE_THEN_IMPLEMENT_OR_MARK_BLOCKED,Human classification and CoreX ground truth required before implementation.
cudaIpcGetMemHandle,IPC,cuda_runtime_api.h,"extern __host__ cudaError_t CUDARTAPI cudaIpcGetMemHandle(cudaIpcMemHandle_t *handle, void *devPtr);",PUBLIC_RUNTIME_API,GROUND_TRUTH_REQUIRED,BACKEND_CAPABILITY,TBD,TBD,CoreX 4.4 API/runtime probe required,TBD after classification,TRUE,TBD,P4,Census-derived declaration only; semantics not inferred from signature.,CENSUS_DECIDES,PROBE_THEN_IMPLEMENT_OR_MARK_BLOCKED,Human classification and CoreX ground truth required before implementation.
cudaIpcOpenEventHandle,Event,cuda_runtime_api.h,"extern __host__ cudaError_t CUDARTAPI cudaIpcOpenEventHandle(cudaEvent_t *event, cudaIpcEventHandle_t handle);",PUBLIC_RUNTIME_API,GROUND_TRUTH_REQUIRED,BACKEND_CAPABILITY,TBD,TBD,CoreX 4.4 API/runtime probe required,TBD after classification,TRUE,TBD,P4,Census-derived declaration only; semantics not inferred from signature.,CENSUS_DECIDES,PROBE_THEN_IMPLEMENT_OR_MARK_BLOCKED,Human classification and CoreX ground truth required before implementation.
cudaIpcOpenMemHandle,IPC,cuda_runtime_api.h,"extern __host__ cudaError_t CUDARTAPI cudaIpcOpenMemHandle(void **devPtr, cudaIpcMemHandle_t handle, unsigned int flags);",PUBLIC_RUNTIME_API,GROUND_TRUTH_REQUIRED,BACKEND_CAPABILITY,TBD,TBD,CoreX 4.4 API/runtime probe required,TBD after classification,TRUE,TBD,P4,Census-derived declaration only; semantics not inferred from signature.,CENSUS_DECIDES,PROBE_THEN_IMPLEMENT_OR_MARK_BLOCKED,Human classification and CoreX ground truth required before implementation.
cudaKernelSetAttributeForDevice,Device,cuda_runtime_api.h,"extern __host__ __cudart_builtin__ cudaError_t CUDARTAPI cudaKernelSetAttributeForDevice(cudaKernel_t kernel, enum cudaFuncAttribute attr, int value, int device);",PUBLIC_RUNTIME_API,GROUND_TRUTH_REQUIRED,BACKEND_CAPABILITY,TBD,TBD,CoreX 4.4 API/runtime probe required,TBD after classification,TRUE,TBD,P4,Census-derived declaration only; semantics not inferred from signature.,CENSUS_DECIDES,PROBE_THEN_IMPLEMENT_OR_MARK_BLOCKED,Human classification and CoreX ground truth required before implementation.
cudaLaunchCooperativeKernel,Execution,cuda_runtime_api.h,"extern __host__ cudaError_t CUDARTAPI cudaLaunchCooperativeKernel(const void *func, dim3 gridDim, dim3 blockDim, void **args, size_t sharedMem, cudaStream_t stream);",PUBLIC_RUNTIME_API,GROUND_TRUTH_REQUIRED,BACKEND_CAPABILITY,TBD,TBD,CoreX 4.4 API/runtime probe required,TBD after classification,TRUE,TBD,P4,Census-derived declaration only; semantics not inferred from signature.,CENSUS_DECIDES,PROBE_THEN_IMPLEMENT_OR_MARK_BLOCKED,Human classification and CoreX ground truth required before implementation.
cudaLaunchCooperativeKernelMultiDevice,Execution,cuda_runtime_api.h,"extern __host__ cudaError_t CUDARTAPI cudaLaunchCooperativeKernelMultiDevice(struct cudaLaunchParams *launchParamsList, unsigned int numDevices, unsigned int flags __dv(0));",PUBLIC_RUNTIME_API,GROUND_TRUTH_REQUIRED,BACKEND_CAPABILITY,TBD,TBD,CoreX 4.4 API/runtime probe required,TBD after classification,TRUE,TBD,P4,Census-derived declaration only; semantics not inferred from signature.,CENSUS_DECIDES,PROBE_THEN_IMPLEMENT_OR_MARK_BLOCKED,Human classification and CoreX ground truth required before implementation.
cudaLaunchHostFunc,Host Memory,cuda_runtime_api.h,"extern __host__ cudaError_t CUDARTAPI cudaLaunchHostFunc(cudaStream_t stream, cudaHostFn_t fn, void *userData);",PUBLIC_RUNTIME_API,GROUND_TRUTH_REQUIRED,BACKEND_CAPABILITY,TBD,TBD,CoreX 4.4 API/runtime probe required,TBD after classification,TRUE,TBD,P4,Census-derived declaration only; semantics not inferred from signature.,CENSUS_DECIDES,PROBE_THEN_IMPLEMENT_OR_MARK_BLOCKED,Human classification and CoreX ground truth required before implementation.
cudaLaunchKernel,Execution,cuda_runtime_api.h,"extern __host__ cudaError_t CUDARTAPI cudaLaunchKernel(const void *func, dim3 gridDim, dim3 blockDim, void **args, size_t sharedMem, cudaStream_t stream);",PUBLIC_RUNTIME_API,IMPLEMENTED,COMPILER_ABI,compiler registration + ABI metadata + arg pack,Kernel registry + launch handler,CoreX module/function/launch path proven,NONE,FALSE,L1 existing numerical + ABI negative,P0,Must remain handwritten.,CENSUS_DECIDES,REGRESSION_ONLY_UNLESS_REFACTOR_REQUIRED,Existing semantic remains PASS under common gates and capability ledger.
cudaLaunchKernelExC,Execution,cuda_runtime_api.h,"extern __host__ cudaError_t CUDARTAPI cudaLaunchKernelExC(const cudaLaunchConfig_t *config, const void *func, void **args);",PUBLIC_RUNTIME_API,GROUND_TRUTH_REQUIRED,BACKEND_CAPABILITY,TBD,TBD,CoreX 4.4 API/runtime probe required,TBD after classification,TRUE,TBD,P4,Census-derived declaration only; semantics not inferred from signature.,CENSUS_DECIDES,PROBE_THEN_IMPLEMENT_OR_MARK_BLOCKED,Human classification and CoreX ground truth required before implementation.
cudaLibraryEnumerateKernels,Other Runtime,cuda_runtime_api.h,"extern __host__ __cudart_builtin__ cudaError_t CUDARTAPI cudaLibraryEnumerateKernels(cudaKernel_t *kernels, unsigned int numKernels, cudaLibrary_t lib);",PUBLIC_RUNTIME_API,GROUND_TRUTH_REQUIRED,BACKEND_CAPABILITY,TBD,TBD,CoreX 4.4 API/runtime probe required,TBD after classification,TRUE,TBD,P4,Census-derived declaration only; semantics not inferred from signature.,CENSUS_DECIDES,PROBE_THEN_IMPLEMENT_OR_MARK_BLOCKED,Human classification and CoreX ground truth required before implementation.
cudaLibraryGetKernel,Other Runtime,cuda_runtime_api.h,"extern __host__ __cudart_builtin__ cudaError_t CUDARTAPI cudaLibraryGetKernel(cudaKernel_t *pKernel, cudaLibrary_t library, const char *name);",PUBLIC_RUNTIME_API,GROUND_TRUTH_REQUIRED,BACKEND_CAPABILITY,TBD,TBD,CoreX 4.4 API/runtime probe required,TBD after classification,TRUE,TBD,P4,Census-derived declaration only; semantics not inferred from signature.,CENSUS_DECIDES,PROBE_THEN_IMPLEMENT_OR_MARK_BLOCKED,Human classification and CoreX ground truth required before implementation.
cudaLibraryGetKernelCount,Other Runtime,cuda_runtime_api.h,"extern __host__ __cudart_builtin__ cudaError_t CUDARTAPI cudaLibraryGetKernelCount(unsigned int *count, cudaLibrary_t lib);",PUBLIC_RUNTIME_API,GROUND_TRUTH_REQUIRED,BACKEND_CAPABILITY,TBD,TBD,CoreX 4.4 API/runtime probe required,TBD after classification,TRUE,TBD,P4,Census-derived declaration only; semantics not inferred from signature.,CENSUS_DECIDES,PROBE_THEN_IMPLEMENT_OR_MARK_BLOCKED,Human classification and CoreX ground truth required before implementation.
cudaLibraryLoadData,Other Runtime,cuda_runtime_api.h,"extern __host__ __cudart_builtin__ cudaError_t CUDARTAPI cudaLibraryLoadData(cudaLibrary_t *library, const void *code, enum cudaJitOption *jitOptions, void **jitOptionsValues, unsigned int numJitOptions, enum cudaLibraryOption *libraryOptions, void **libraryOptionValues, unsigned int numLibraryOptions);",PUBLIC_RUNTIME_API,GROUND_TRUTH_REQUIRED,BACKEND_CAPABILITY,TBD,TBD,CoreX 4.4 API/runtime probe required,TBD after classification,TRUE,TBD,P4,Census-derived declaration only; semantics not inferred from signature.,CENSUS_DECIDES,PROBE_THEN_IMPLEMENT_OR_MARK_BLOCKED,Human classification and CoreX ground truth required before implementation.
cudaLibraryLoadFromFile,Other Runtime,cuda_runtime_api.h,"extern __host__ __cudart_builtin__ cudaError_t CUDARTAPI cudaLibraryLoadFromFile(cudaLibrary_t *library, const char *fileName, enum cudaJitOption *jitOptions, void **jitOptionsValues, unsigned int numJitOptions, enum cudaLibraryOption *libraryOptions, void **libraryOptionValues, unsigned int numLibraryOptions);",PUBLIC_RUNTIME_API,GROUND_TRUTH_REQUIRED,BACKEND_CAPABILITY,TBD,TBD,CoreX 4.4 API/runtime probe required,TBD after classification,TRUE,TBD,P4,Census-derived declaration only; semantics not inferred from signature.,CENSUS_DECIDES,PROBE_THEN_IMPLEMENT_OR_MARK_BLOCKED,Human classification and CoreX ground truth required before implementation.
cudaLibraryUnload,Other Runtime,cuda_runtime_api.h,extern __host__ __cudart_builtin__ cudaError_t CUDARTAPI cudaLibraryUnload(cudaLibrary_t library);,PUBLIC_RUNTIME_API,GROUND_TRUTH_REQUIRED,BACKEND_CAPABILITY,TBD,TBD,CoreX 4.4 API/runtime probe required,TBD after classification,TRUE,TBD,P4,Census-derived declaration only; semantics not inferred from signature.,CENSUS_DECIDES,PROBE_THEN_IMPLEMENT_OR_MARK_BLOCKED,Human classification and CoreX ground truth required before implementation.
cudaMalloc,Linear Memory,cuda_runtime_api.h,"extern __host__ __cudart_builtin__ cudaError_t CUDARTAPI cudaMalloc(void **devPtr, size_t size);",PUBLIC_RUNTIME_API,IMPLEMENTED,SEMANTIC_RPC,fake VA + allocation registry,Allocation registry + CoreX alloc,cuMemAlloc-equivalent already proven,NONE,FALSE,L1 existing + lifecycle/multithread,P0,Must remain handwritten because client pointer is fake VA mapped to AllocationID.,M3,REGRESSION_ONLY_UNLESS_REFACTOR_REQUIRED,Existing semantic remains PASS under common gates and capability ledger.
cudaMalloc3D,3D Memory,cuda_runtime_api.h,"extern __host__ cudaError_t CUDARTAPI cudaMalloc3D(struct cudaPitchedPtr* pitchedDevPtr, struct cudaExtent extent);",PUBLIC_RUNTIME_API,GROUND_TRUTH_REQUIRED,SEMANTIC_RPC,TBD,TBD,CoreX 4.4 API/probe required,TBD after classification,TRUE,L1+L2 when implemented,P2,Census-derived declaration only; semantics not inferred from signature.,M4,PROBE_THEN_IMPLEMENT_OR_MARK_BLOCKED,Implement only after CoreX ground truth; otherwise explicit GROUND_TRUTH_BLOCKED/BACKEND_UNSUPPORTED.
cudaMalloc3DArray,Linear Memory,cuda_runtime_api.h,"extern __host__ cudaError_t CUDARTAPI cudaMalloc3DArray(cudaArray_t *array, const struct cudaChannelFormatDesc* desc, struct cudaExtent extent, unsigned int flags __dv(0));",PUBLIC_RUNTIME_API,GROUND_TRUTH_REQUIRED,BACKEND_CAPABILITY,TBD,TBD,CoreX 4.4 API/runtime probe required,TBD after classification,TRUE,TBD,P4,Census-derived declaration only; semantics not inferred from signature.,CENSUS_DECIDES,PROBE_THEN_IMPLEMENT_OR_MARK_BLOCKED,Human classification and CoreX ground truth required before implementation.
cudaMallocArray,Array,cuda_runtime_api.h,"extern __host__ cudaError_t CUDARTAPI cudaMallocArray(cudaArray_t *array, const struct cudaChannelFormatDesc *desc, size_t width, size_t height __dv(0), unsigned int flags __dv(0));",PUBLIC_RUNTIME_API,GROUND_TRUTH_REQUIRED,OBJECT_RPC,TBD,TBD,CoreX 4.4 API/probe required,TBD after classification,TRUE,L1+L2 when implemented,P3,New typed remote Array object; descriptors need DTO.,M4,PROBE_THEN_IMPLEMENT_OR_MARK_BLOCKED,Implement only after CoreX ground truth; otherwise explicit GROUND_TRUTH_BLOCKED/BACKEND_UNSUPPORTED.
cudaMallocAsync,Memory Pool / Async Allocation,cuda_runtime_api.h,"extern __host__ cudaError_t CUDARTAPI cudaMallocAsync(void **devPtr, size_t size, cudaStream_t hStream);",PUBLIC_RUNTIME_API,GROUND_TRUTH_REQUIRED,STATE_MACHINE,TBD,TBD,CoreX 4.4 API/probe required,TBD after classification,TRUE,L1+L2 when implemented,P3,"Stream-ordered lifetime; capability-gated subsystem, not direct forwarding.",M5,PROBE_THEN_IMPLEMENT_OR_MARK_BLOCKED,Implement only after CoreX ground truth; otherwise explicit GROUND_TRUTH_BLOCKED/BACKEND_UNSUPPORTED.
cudaMallocFromPoolAsync,Linear Memory,cuda_runtime_api.h,"extern __host__ cudaError_t CUDARTAPI cudaMallocFromPoolAsync(void **ptr, size_t size, cudaMemPool_t memPool, cudaStream_t stream);",PUBLIC_RUNTIME_API,GROUND_TRUTH_REQUIRED,BACKEND_CAPABILITY,TBD,TBD,CoreX 4.4 API/runtime probe required,TBD after classification,TRUE,TBD,P4,Census-derived declaration only; semantics not inferred from signature.,CENSUS_DECIDES,PROBE_THEN_IMPLEMENT_OR_MARK_BLOCKED,Human classification and CoreX ground truth required before implementation.
cudaMallocHost,Host Memory,cuda_runtime_api.h,"extern __host__ cudaError_t CUDARTAPI cudaMallocHost(void **ptr, size_t size);",PUBLIC_RUNTIME_API,GROUND_TRUTH_REQUIRED,STATE_MACHINE,TBD,TBD,CoreX 4.4 API/probe required,TBD after classification,TRUE,L1+L2 when implemented,P2,High-risk host ownership/pinning/mapping semantics; never forward client host pointer as server pointer.,M4,PROBE_THEN_IMPLEMENT_OR_MARK_BLOCKED,Implement only after CoreX ground truth; otherwise explicit GROUND_TRUTH_BLOCKED/BACKEND_UNSUPPORTED.
cudaMallocManaged,Linear Memory,cuda_runtime_api.h,"extern __host__ __cudart_builtin__ cudaError_t CUDARTAPI cudaMallocManaged(void **devPtr, size_t size, unsigned int flags __dv(cudaMemAttachGlobal));",PUBLIC_RUNTIME_API,GROUND_TRUTH_REQUIRED,BACKEND_CAPABILITY,TBD,TBD,CoreX 4.4 API/runtime probe required,TBD after classification,TRUE,TBD,P4,Census-derived declaration only; semantics not inferred from signature.,CENSUS_DECIDES,PROBE_THEN_IMPLEMENT_OR_MARK_BLOCKED,Human classification and CoreX ground truth required before implementation.
cudaMallocMipmappedArray,Linear Memory,cuda_runtime_api.h,"extern __host__ cudaError_t CUDARTAPI cudaMallocMipmappedArray(cudaMipmappedArray_t *mipmappedArray, const struct cudaChannelFormatDesc* desc, struct cudaExtent extent, unsigned int numLevels, unsigned int flags __dv(0));",PUBLIC_RUNTIME_API,GROUND_TRUTH_REQUIRED,BACKEND_CAPABILITY,TBD,TBD,CoreX 4.4 API/runtime probe required,TBD after classification,TRUE,TBD,P4,Census-derived declaration only; semantics not inferred from signature.,CENSUS_DECIDES,PROBE_THEN_IMPLEMENT_OR_MARK_BLOCKED,Human classification and CoreX ground truth required before implementation.
cudaMallocPitch,2D Memory,cuda_runtime_api.h,"extern __host__ cudaError_t CUDARTAPI cudaMallocPitch(void **devPtr, size_t *pitch, size_t width, size_t height);",PUBLIC_RUNTIME_API,GROUND_TRUTH_REQUIRED,SEMANTIC_RPC,TBD,TBD,CoreX 4.4 API/probe required,TBD after classification,TRUE,L1+L2 when implemented,P2,Fake VA allocation metadata must store remote pitch/layout.,M4,PROBE_THEN_IMPLEMENT_OR_MARK_BLOCKED,Implement only after CoreX ground truth; otherwise explicit GROUND_TRUTH_BLOCKED/BACKEND_UNSUPPORTED.
cudaMemAdvise,Other Runtime,cuda_runtime_api.h,"extern __host__ cudaError_t CUDARTAPI cudaMemAdvise(const void *devPtr, size_t count, enum cudaMemoryAdvise advice, int device);",PUBLIC_RUNTIME_API,GROUND_TRUTH_REQUIRED,BACKEND_CAPABILITY,TBD,TBD,CoreX 4.4 API/runtime probe required,TBD after classification,TRUE,TBD,P4,Census-derived declaration only; semantics not inferred from signature.,CENSUS_DECIDES,PROBE_THEN_IMPLEMENT_OR_MARK_BLOCKED,Human classification and CoreX ground truth required before implementation.
cudaMemGetInfo,Device/Memory,cuda_runtime_api.h,"extern __host__ cudaError_t CUDARTAPI cudaMemGetInfo(size_t *free, size_t *total);",PUBLIC_RUNTIME_API,IMPLEMENTED,GENERATED_RPC,src/corex_device_api.c,OP_GET_DEVICE_INFO handler,CoreX memory info already proven,NONE,FALSE,L1 existing,P0,Current implementation reuses device-info RPC.,M3,REGRESSION_ONLY_UNLESS_REFACTOR_REQUIRED,Existing semantic remains PASS under common gates and capability ledger.
cudaMemPoolCreate,Memory Pool / Async Allocation,cuda_runtime_api.h,"extern __host__ cudaError_t CUDARTAPI cudaMemPoolCreate(cudaMemPool_t *memPool, const struct cudaMemPoolProps *poolProps);",PUBLIC_RUNTIME_API,GROUND_TRUTH_REQUIRED,STATE_MACHINE,TBD,TBD,CoreX 4.4 API/probe required,TBD after classification,TRUE,L1+L2 when implemented,P3,"Stream-ordered lifetime; capability-gated subsystem, not direct forwarding.",M5,PROBE_THEN_IMPLEMENT_OR_MARK_BLOCKED,Implement only after CoreX ground truth; otherwise explicit GROUND_TRUTH_BLOCKED/BACKEND_UNSUPPORTED.
cudaMemPoolDestroy,Memory Pool / Async Allocation,cuda_runtime_api.h,extern __host__ cudaError_t CUDARTAPI cudaMemPoolDestroy(cudaMemPool_t memPool);,PUBLIC_RUNTIME_API,GROUND_TRUTH_REQUIRED,STATE_MACHINE,TBD,TBD,CoreX 4.4 API/probe required,TBD after classification,TRUE,L1+L2 when implemented,P3,"Stream-ordered lifetime; capability-gated subsystem, not direct forwarding.",M5,PROBE_THEN_IMPLEMENT_OR_MARK_BLOCKED,Implement only after CoreX ground truth; otherwise explicit GROUND_TRUTH_BLOCKED/BACKEND_UNSUPPORTED.
cudaMemPoolExportPointer,Memory Pool / Async Allocation,cuda_runtime_api.h,"extern __host__ cudaError_t CUDARTAPI cudaMemPoolExportPointer(struct cudaMemPoolPtrExportData *exportData, void *ptr);",PUBLIC_RUNTIME_API,GROUND_TRUTH_REQUIRED,BACKEND_CAPABILITY,TBD,TBD,CoreX 4.4 API/runtime probe required,TBD after classification,TRUE,TBD,P4,Census-derived declaration only; semantics not inferred from signature.,CENSUS_DECIDES,PROBE_THEN_IMPLEMENT_OR_MARK_BLOCKED,Human classification and CoreX ground truth required before implementation.
cudaMemPoolExportToShareableHandle,Memory Pool / Async Allocation,cuda_runtime_api.h,"extern __host__ cudaError_t CUDARTAPI cudaMemPoolExportToShareableHandle(void *shareableHandle, cudaMemPool_t memPool, enum cudaMemAllocationHandleType handleType, unsigned int flags);",PUBLIC_RUNTIME_API,GROUND_TRUTH_REQUIRED,BACKEND_CAPABILITY,TBD,TBD,CoreX 4.4 API/runtime probe required,TBD after classification,TRUE,TBD,P4,Census-derived declaration only; semantics not inferred from signature.,CENSUS_DECIDES,PROBE_THEN_IMPLEMENT_OR_MARK_BLOCKED,Human classification and CoreX ground truth required before implementation.
cudaMemPoolGetAccess,Memory Pool / Async Allocation,cuda_runtime_api.h,"extern __host__ cudaError_t CUDARTAPI cudaMemPoolGetAccess(enum cudaMemAccessFlags *flags, cudaMemPool_t memPool, struct cudaMemLocation *location);",PUBLIC_RUNTIME_API,GROUND_TRUTH_REQUIRED,BACKEND_CAPABILITY,TBD,TBD,CoreX 4.4 API/runtime probe required,TBD after classification,TRUE,TBD,P4,Census-derived declaration only; semantics not inferred from signature.,CENSUS_DECIDES,PROBE_THEN_IMPLEMENT_OR_MARK_BLOCKED,Human classification and CoreX ground truth required before implementation.
cudaMemPoolGetAttribute,Memory Pool / Async Allocation,cuda_runtime_api.h,"extern __host__ cudaError_t CUDARTAPI cudaMemPoolGetAttribute(cudaMemPool_t memPool, enum cudaMemPoolAttr attr, void *value );",PUBLIC_RUNTIME_API,GROUND_TRUTH_REQUIRED,STATE_MACHINE,TBD,TBD,CoreX 4.4 API/probe required,TBD after classification,TRUE,L1+L2 when implemented,P3,"Stream-ordered lifetime; capability-gated subsystem, not direct forwarding.",M5,PROBE_THEN_IMPLEMENT_OR_MARK_BLOCKED,Implement only after CoreX ground truth; otherwise explicit GROUND_TRUTH_BLOCKED/BACKEND_UNSUPPORTED.
cudaMemPoolImportFromShareableHandle,Memory Pool / Async Allocation,cuda_runtime_api.h,"extern __host__ cudaError_t CUDARTAPI cudaMemPoolImportFromShareableHandle(cudaMemPool_t *memPool, void *shareableHandle, enum cudaMemAllocationHandleType handleType, unsigned int flags);",PUBLIC_RUNTIME_API,GROUND_TRUTH_REQUIRED,BACKEND_CAPABILITY,TBD,TBD,CoreX 4.4 API/runtime probe required,TBD after classification,TRUE,TBD,P4,Census-derived declaration only; semantics not inferred from signature.,CENSUS_DECIDES,PROBE_THEN_IMPLEMENT_OR_MARK_BLOCKED,Human classification and CoreX ground truth required before implementation.
cudaMemPoolImportPointer,Memory Pool / Async Allocation,cuda_runtime_api.h,"extern __host__ cudaError_t CUDARTAPI cudaMemPoolImportPointer(void **ptr, cudaMemPool_t memPool, struct cudaMemPoolPtrExportData *exportData);",PUBLIC_RUNTIME_API,GROUND_TRUTH_REQUIRED,BACKEND_CAPABILITY,TBD,TBD,CoreX 4.4 API/runtime probe required,TBD after classification,TRUE,TBD,P4,Census-derived declaration only; semantics not inferred from signature.,CENSUS_DECIDES,PROBE_THEN_IMPLEMENT_OR_MARK_BLOCKED,Human classification and CoreX ground truth required before implementation.
cudaMemPoolSetAccess,Memory Pool / Async Allocation,cuda_runtime_api.h,"extern __host__ cudaError_t CUDARTAPI cudaMemPoolSetAccess(cudaMemPool_t memPool, const struct cudaMemAccessDesc *descList, size_t count);",PUBLIC_RUNTIME_API,GROUND_TRUTH_REQUIRED,BACKEND_CAPABILITY,TBD,TBD,CoreX 4.4 API/runtime probe required,TBD after classification,TRUE,TBD,P4,Census-derived declaration only; semantics not inferred from signature.,CENSUS_DECIDES,PROBE_THEN_IMPLEMENT_OR_MARK_BLOCKED,Human classification and CoreX ground truth required before implementation.
cudaMemPoolSetAttribute,Memory Pool / Async Allocation,cuda_runtime_api.h,"extern __host__ cudaError_t CUDARTAPI cudaMemPoolSetAttribute(cudaMemPool_t memPool, enum cudaMemPoolAttr attr, void *value );",PUBLIC_RUNTIME_API,GROUND_TRUTH_REQUIRED,STATE_MACHINE,TBD,TBD,CoreX 4.4 API/probe required,TBD after classification,TRUE,L1+L2 when implemented,P3,"Stream-ordered lifetime; capability-gated subsystem, not direct forwarding.",M5,PROBE_THEN_IMPLEMENT_OR_MARK_BLOCKED,Implement only after CoreX ground truth; otherwise explicit GROUND_TRUTH_BLOCKED/BACKEND_UNSUPPORTED.
cudaMemPoolTrimTo,Memory Pool / Async Allocation,cuda_runtime_api.h,"extern __host__ cudaError_t CUDARTAPI cudaMemPoolTrimTo(cudaMemPool_t memPool, size_t minBytesToKeep);",PUBLIC_RUNTIME_API,GROUND_TRUTH_REQUIRED,BACKEND_CAPABILITY,TBD,TBD,CoreX 4.4 API/runtime probe required,TBD after classification,TRUE,TBD,P4,Census-derived declaration only; semantics not inferred from signature.,CENSUS_DECIDES,PROBE_THEN_IMPLEMENT_OR_MARK_BLOCKED,Human classification and CoreX ground truth required before implementation.
cudaMemPrefetchAsync,Other Runtime,cuda_runtime_api.h,"extern __host__ cudaError_t CUDARTAPI cudaMemPrefetchAsync(const void *devPtr, size_t count, int dstDevice, cudaStream_t stream);",PUBLIC_RUNTIME_API,GROUND_TRUTH_REQUIRED,BACKEND_CAPABILITY,TBD,TBD,CoreX 4.4 API/runtime probe required,TBD after classification,TRUE,TBD,P4,Census-derived declaration only; semantics not inferred from signature.,CENSUS_DECIDES,PROBE_THEN_IMPLEMENT_OR_MARK_BLOCKED,Human classification and CoreX ground truth required before implementation.
cudaMemRangeGetAttribute,Other Runtime,cuda_runtime_api.h,"extern __host__ cudaError_t CUDARTAPI cudaMemRangeGetAttribute(void *data, size_t dataSize, enum cudaMemRangeAttribute attribute, const void *devPtr, size_t count);",PUBLIC_RUNTIME_API,GROUND_TRUTH_REQUIRED,BACKEND_CAPABILITY,TBD,TBD,CoreX 4.4 API/runtime probe required,TBD after classification,TRUE,TBD,P4,Census-derived declaration only; semantics not inferred from signature.,CENSUS_DECIDES,PROBE_THEN_IMPLEMENT_OR_MARK_BLOCKED,Human classification and CoreX ground truth required before implementation.
cudaMemRangeGetAttributes,Other Runtime,cuda_runtime_api.h,"extern __host__ cudaError_t CUDARTAPI cudaMemRangeGetAttributes(void **data, size_t *dataSizes, enum cudaMemRangeAttribute *attributes, size_t numAttributes, const void *devPtr, size_t count);",PUBLIC_RUNTIME_API,GROUND_TRUTH_REQUIRED,BACKEND_CAPABILITY,TBD,TBD,CoreX 4.4 API/runtime probe required,TBD after classification,TRUE,TBD,P4,Census-derived declaration only; semantics not inferred from signature.,CENSUS_DECIDES,PROBE_THEN_IMPLEMENT_OR_MARK_BLOCKED,Human classification and CoreX ground truth required before implementation.
cudaMemcpy,Memcpy,cuda_runtime_api.h,"extern __host__ cudaError_t CUDARTAPI cudaMemcpy(void *dst, const void *src, size_t count, enum cudaMemcpyKind kind);",PUBLIC_RUNTIME_API,PARTIAL_IMPLEMENTED,TRANSFER_SEMANTIC,fake VA resolver + sync transfer logic,H2D/D2H handlers,H2D/D2H proven; D2D probe required,NEW OPCODE only for missing primitive if existing ones insufficient,PARTIAL,L1 direction matrix,P0,"H2D/D2H implemented; H2H,D2D,Default currently not supported.",M3,PROBE_THEN_IMPLEMENT_OR_MARK_BLOCKED,Implement only after CoreX ground truth; otherwise explicit GROUND_TRUTH_BLOCKED/BACKEND_UNSUPPORTED.
cudaMemcpy2D,2D Memory,cuda_runtime_api.h,"extern __host__ cudaError_t CUDARTAPI cudaMemcpy2D(void *dst, size_t dpitch, const void *src, size_t spitch, size_t width, size_t height, enum cudaMemcpyKind kind);",PUBLIC_RUNTIME_API,GROUND_TRUTH_REQUIRED,TRANSFER_SEMANTIC,TBD,TBD,CoreX 4.4 API/probe required,TBD after classification,TRUE,L1+L2 when implemented,P2,Implement only after pitch/layout model is explicit.,M4,PROBE_THEN_IMPLEMENT_OR_MARK_BLOCKED,Implement only after CoreX ground truth; otherwise explicit GROUND_TRUTH_BLOCKED/BACKEND_UNSUPPORTED.
cudaMemcpy2DArrayToArray,Memcpy,cuda_runtime_api.h,"extern __host__ cudaError_t CUDARTAPI cudaMemcpy2DArrayToArray(cudaArray_t dst, size_t wOffsetDst, size_t hOffsetDst, cudaArray_const_t src, size_t wOffsetSrc, size_t hOffsetSrc, size_t width, size_t height, enum cudaMemcpyKind kind __dv(cudaMemcpyDeviceToDevice));",PUBLIC_RUNTIME_API,GROUND_TRUTH_REQUIRED,BACKEND_CAPABILITY,TBD,TBD,CoreX 4.4 API/runtime probe required,TBD after classification,TRUE,TBD,P4,Census-derived declaration only; semantics not inferred from signature.,CENSUS_DECIDES,PROBE_THEN_IMPLEMENT_OR_MARK_BLOCKED,Human classification and CoreX ground truth required before implementation.
cudaMemcpy2DAsync,2D Memory,cuda_runtime_api.h,"extern __host__ __cudart_builtin__ cudaError_t CUDARTAPI cudaMemcpy2DAsync(void *dst, size_t dpitch, const void *src, size_t spitch, size_t width, size_t height, enum cudaMemcpyKind kind, cudaStream_t stream __dv(0));",PUBLIC_RUNTIME_API,GROUND_TRUTH_REQUIRED,TRANSFER_SEMANTIC,TBD,TBD,CoreX 4.4 API/probe required,TBD after classification,TRUE,L1+L2 when implemented,P2,Census-derived declaration only; semantics not inferred from signature.,M4,PROBE_THEN_IMPLEMENT_OR_MARK_BLOCKED,Implement only after CoreX ground truth; otherwise explicit GROUND_TRUTH_BLOCKED/BACKEND_UNSUPPORTED.
cudaMemcpy2DFromArray,Array,cuda_runtime_api.h,"extern __host__ cudaError_t CUDARTAPI cudaMemcpy2DFromArray(void *dst, size_t dpitch, cudaArray_const_t src, size_t wOffset, size_t hOffset, size_t width, size_t height, enum cudaMemcpyKind kind);",PUBLIC_RUNTIME_API,GROUND_TRUTH_REQUIRED,OBJECT_RPC,TBD,TBD,CoreX 4.4 API/probe required,TBD after classification,TRUE,L1+L2 when implemented,P3,New typed remote Array object; descriptors need DTO.,M4,PROBE_THEN_IMPLEMENT_OR_MARK_BLOCKED,Implement only after CoreX ground truth; otherwise explicit GROUND_TRUTH_BLOCKED/BACKEND_UNSUPPORTED.
cudaMemcpy2DFromArrayAsync,Memcpy,cuda_runtime_api.h,"extern __host__ cudaError_t CUDARTAPI cudaMemcpy2DFromArrayAsync(void *dst, size_t dpitch, cudaArray_const_t src, size_t wOffset, size_t hOffset, size_t width, size_t height, enum cudaMemcpyKind kind, cudaStream_t stream __dv(0));",PUBLIC_RUNTIME_API,GROUND_TRUTH_REQUIRED,BACKEND_CAPABILITY,TBD,TBD,CoreX 4.4 API/runtime probe required,TBD after classification,TRUE,TBD,P4,Census-derived declaration only; semantics not inferred from signature.,CENSUS_DECIDES,PROBE_THEN_IMPLEMENT_OR_MARK_BLOCKED,Human classification and CoreX ground truth required before implementation.
cudaMemcpy2DToArray,Array,cuda_runtime_api.h,"extern __host__ cudaError_t CUDARTAPI cudaMemcpy2DToArray(cudaArray_t dst, size_t wOffset, size_t hOffset, const void *src, size_t spitch, size_t width, size_t height, enum cudaMemcpyKind kind);",PUBLIC_RUNTIME_API,GROUND_TRUTH_REQUIRED,OBJECT_RPC,TBD,TBD,CoreX 4.4 API/probe required,TBD after classification,TRUE,L1+L2 when implemented,P3,New typed remote Array object; descriptors need DTO.,M4,PROBE_THEN_IMPLEMENT_OR_MARK_BLOCKED,Implement only after CoreX ground truth; otherwise explicit GROUND_TRUTH_BLOCKED/BACKEND_UNSUPPORTED.
cudaMemcpy2DToArrayAsync,Memcpy,cuda_runtime_api.h,"extern __host__ cudaError_t CUDARTAPI cudaMemcpy2DToArrayAsync(cudaArray_t dst, size_t wOffset, size_t hOffset, const void *src, size_t spitch, size_t width, size_t height, enum cudaMemcpyKind kind, cudaStream_t stream __dv(0));",PUBLIC_RUNTIME_API,GROUND_TRUTH_REQUIRED,BACKEND_CAPABILITY,TBD,TBD,CoreX 4.4 API/runtime probe required,TBD after classification,TRUE,TBD,P4,Census-derived declaration only; semantics not inferred from signature.,CENSUS_DECIDES,PROBE_THEN_IMPLEMENT_OR_MARK_BLOCKED,Human classification and CoreX ground truth required before implementation.
cudaMemcpy3D,3D Memory,cuda_runtime_api.h,extern __host__ cudaError_t CUDARTAPI cudaMemcpy3D(const struct cudaMemcpy3DParms *p);,PUBLIC_RUNTIME_API,GROUND_TRUTH_REQUIRED,TRANSFER_SEMANTIC,TBD,TBD,CoreX 4.4 API/probe required,TBD after classification,TRUE,L1+L2 when implemented,P2,Use explicit DTO; no native cudaMemcpy3DParms wire memcpy.,M4,PROBE_THEN_IMPLEMENT_OR_MARK_BLOCKED,Implement only after CoreX ground truth; otherwise explicit GROUND_TRUTH_BLOCKED/BACKEND_UNSUPPORTED.
cudaMemcpy3DAsync,3D Memory,cuda_runtime_api.h,"extern __host__ __cudart_builtin__ cudaError_t CUDARTAPI cudaMemcpy3DAsync(const struct cudaMemcpy3DParms *p, cudaStream_t stream __dv(0));",PUBLIC_RUNTIME_API,GROUND_TRUTH_REQUIRED,TRANSFER_SEMANTIC,TBD,TBD,CoreX 4.4 API/probe required,TBD after classification,TRUE,L1+L2 when implemented,P2,Census-derived declaration only; semantics not inferred from signature.,M4,PROBE_THEN_IMPLEMENT_OR_MARK_BLOCKED,Implement only after CoreX ground truth; otherwise explicit GROUND_TRUTH_BLOCKED/BACKEND_UNSUPPORTED.
cudaMemcpy3DPeer,Memcpy,cuda_runtime_api.h,extern __host__ cudaError_t CUDARTAPI cudaMemcpy3DPeer(const struct cudaMemcpy3DPeerParms *p);,PUBLIC_RUNTIME_API,GROUND_TRUTH_REQUIRED,BACKEND_CAPABILITY,TBD,TBD,CoreX 4.4 API/runtime probe required,TBD after classification,TRUE,TBD,P4,Census-derived declaration only; semantics not inferred from signature.,CENSUS_DECIDES,PROBE_THEN_IMPLEMENT_OR_MARK_BLOCKED,Human classification and CoreX ground truth required before implementation.
cudaMemcpy3DPeerAsync,Memcpy,cuda_runtime_api.h,"extern __host__ cudaError_t CUDARTAPI cudaMemcpy3DPeerAsync(const struct cudaMemcpy3DPeerParms *p, cudaStream_t stream __dv(0));",PUBLIC_RUNTIME_API,GROUND_TRUTH_REQUIRED,BACKEND_CAPABILITY,TBD,TBD,CoreX 4.4 API/runtime probe required,TBD after classification,TRUE,TBD,P4,Census-derived declaration only; semantics not inferred from signature.,CENSUS_DECIDES,PROBE_THEN_IMPLEMENT_OR_MARK_BLOCKED,Human classification and CoreX ground truth required before implementation.
cudaMemcpyArrayToArray,Memcpy,cuda_runtime_api.h,"extern __host__ cudaError_t CUDARTAPI cudaMemcpyArrayToArray(cudaArray_t dst, size_t wOffsetDst, size_t hOffsetDst, cudaArray_const_t src, size_t wOffsetSrc, size_t hOffsetSrc, size_t count, enum cudaMemcpyKind kind __dv(cudaMemcpyDeviceToDevice));",PUBLIC_RUNTIME_API,GROUND_TRUTH_REQUIRED,BACKEND_CAPABILITY,TBD,TBD,CoreX 4.4 API/runtime probe required,TBD after classification,TRUE,TBD,P4,Census-derived declaration only; semantics not inferred from signature.,CENSUS_DECIDES,PROBE_THEN_IMPLEMENT_OR_MARK_BLOCKED,Human classification and CoreX ground truth required before implementation.
cudaMemcpyAsync,Memcpy,cuda_runtime_api.h,"extern __host__ __cudart_builtin__ cudaError_t CUDARTAPI cudaMemcpyAsync(void *dst, const void *src, size_t count, enum cudaMemcpyKind kind, cudaStream_t stream __dv(0));",PUBLIC_RUNTIME_API,PARTIAL_IMPLEMENTED,TRANSFER_SEMANTIC,hidden TransferID ledger + causal frontier,async submit/query/wait handlers,Async H2D/D2H proven; D2D async requires probe,NEW OPCODE if D2D async needs backend op,PARTIAL,L1 async visibility/ordering,P0,Complex handwritten semantic path; D2H host visibility is client retirement boundary.,M3,PROBE_THEN_IMPLEMENT_OR_MARK_BLOCKED,Implement only after CoreX ground truth; otherwise explicit GROUND_TRUTH_BLOCKED/BACKEND_UNSUPPORTED.
cudaMemcpyFromArray,Array,cuda_runtime_api.h,"extern __host__ cudaError_t CUDARTAPI cudaMemcpyFromArray(void *dst, cudaArray_const_t src, size_t wOffset, size_t hOffset, size_t count, enum cudaMemcpyKind kind);",PUBLIC_RUNTIME_API,GROUND_TRUTH_REQUIRED,OBJECT_RPC,TBD,TBD,CoreX 4.4 API/probe required,TBD after classification,TRUE,L1+L2 when implemented,P3,New typed remote Array object; descriptors need DTO.,M4,PROBE_THEN_IMPLEMENT_OR_MARK_BLOCKED,Implement only after CoreX ground truth; otherwise explicit GROUND_TRUTH_BLOCKED/BACKEND_UNSUPPORTED.
cudaMemcpyFromArrayAsync,Memcpy,cuda_runtime_api.h,"extern __host__ cudaError_t CUDARTAPI cudaMemcpyFromArrayAsync(void *dst, cudaArray_const_t src, size_t wOffset, size_t hOffset, size_t count, enum cudaMemcpyKind kind, cudaStream_t stream __dv(0));",PUBLIC_RUNTIME_API,GROUND_TRUTH_REQUIRED,BACKEND_CAPABILITY,TBD,TBD,CoreX 4.4 API/runtime probe required,TBD after classification,TRUE,TBD,P4,Census-derived declaration only; semantics not inferred from signature.,CENSUS_DECIDES,PROBE_THEN_IMPLEMENT_OR_MARK_BLOCKED,Human classification and CoreX ground truth required before implementation.
cudaMemcpyFromSymbol,Memcpy,cuda_runtime_api.h,"extern __host__ cudaError_t CUDARTAPI cudaMemcpyFromSymbol(void *dst, const void *symbol, size_t count, size_t offset __dv(0), enum cudaMemcpyKind kind __dv(cudaMemcpyDeviceToHost));",PUBLIC_RUNTIME_API,GROUND_TRUTH_REQUIRED,BACKEND_CAPABILITY,TBD,TBD,CoreX 4.4 API/runtime probe required,TBD after classification,TRUE,TBD,P4,Census-derived declaration only; semantics not inferred from signature.,CENSUS_DECIDES,PROBE_THEN_IMPLEMENT_OR_MARK_BLOCKED,Human classification and CoreX ground truth required before implementation.
cudaMemcpyFromSymbolAsync,Memcpy,cuda_runtime_api.h,"extern __host__ cudaError_t CUDARTAPI cudaMemcpyFromSymbolAsync(void *dst, const void *symbol, size_t count, size_t offset, enum cudaMemcpyKind kind, cudaStream_t stream __dv(0));",PUBLIC_RUNTIME_API,GROUND_TRUTH_REQUIRED,BACKEND_CAPABILITY,TBD,TBD,CoreX 4.4 API/runtime probe required,TBD after classification,TRUE,TBD,P4,Census-derived declaration only; semantics not inferred from signature.,CENSUS_DECIDES,PROBE_THEN_IMPLEMENT_OR_MARK_BLOCKED,Human classification and CoreX ground truth required before implementation.
cudaMemcpyPeer,Peer / Multi-device,cuda_runtime_api.h,"extern __host__ cudaError_t CUDARTAPI cudaMemcpyPeer(void *dst, int dstDevice, const void *src, int srcDevice, size_t count);",PUBLIC_RUNTIME_API,GROUND_TRUTH_REQUIRED,CAPABILITY_GATED,TBD,TBD,CoreX 4.4 API/probe required,TBD after classification,TRUE,L1+L2 when implemented,P4,Current Runtime is one logical device; requires real multi-device ground truth before support claim.,M5,PROBE_THEN_IMPLEMENT_OR_MARK_BLOCKED,Implement only after CoreX ground truth; otherwise explicit GROUND_TRUTH_BLOCKED/BACKEND_UNSUPPORTED.
cudaMemcpyPeerAsync,Peer / Multi-device,cuda_runtime_api.h,"extern __host__ cudaError_t CUDARTAPI cudaMemcpyPeerAsync(void *dst, int dstDevice, const void *src, int srcDevice, size_t count, cudaStream_t stream __dv(0));",PUBLIC_RUNTIME_API,GROUND_TRUTH_REQUIRED,CAPABILITY_GATED,TBD,TBD,CoreX 4.4 API/probe required,TBD after classification,TRUE,L1+L2 when implemented,P4,Current Runtime is one logical device; requires real multi-device ground truth before support claim.,M5,PROBE_THEN_IMPLEMENT_OR_MARK_BLOCKED,Implement only after CoreX ground truth; otherwise explicit GROUND_TRUTH_BLOCKED/BACKEND_UNSUPPORTED.
cudaMemcpyToArray,Array,cuda_runtime_api.h,"extern __host__ cudaError_t CUDARTAPI cudaMemcpyToArray(cudaArray_t dst, size_t wOffset, size_t hOffset, const void *src, size_t count, enum cudaMemcpyKind kind);",PUBLIC_RUNTIME_API,GROUND_TRUTH_REQUIRED,OBJECT_RPC,TBD,TBD,CoreX 4.4 API/probe required,TBD after classification,TRUE,L1+L2 when implemented,P3,New typed remote Array object; descriptors need DTO.,M4,PROBE_THEN_IMPLEMENT_OR_MARK_BLOCKED,Implement only after CoreX ground truth; otherwise explicit GROUND_TRUTH_BLOCKED/BACKEND_UNSUPPORTED.
cudaMemcpyToArrayAsync,Memcpy,cuda_runtime_api.h,"extern __host__ cudaError_t CUDARTAPI cudaMemcpyToArrayAsync(cudaArray_t dst, size_t wOffset, size_t hOffset, const void *src, size_t count, enum cudaMemcpyKind kind, cudaStream_t stream __dv(0));",PUBLIC_RUNTIME_API,GROUND_TRUTH_REQUIRED,BACKEND_CAPABILITY,TBD,TBD,CoreX 4.4 API/runtime probe required,TBD after classification,TRUE,TBD,P4,Census-derived declaration only; semantics not inferred from signature.,CENSUS_DECIDES,PROBE_THEN_IMPLEMENT_OR_MARK_BLOCKED,Human classification and CoreX ground truth required before implementation.
cudaMemcpyToSymbol,Memcpy,cuda_runtime_api.h,"extern __host__ cudaError_t CUDARTAPI cudaMemcpyToSymbol(const void *symbol, const void *src, size_t count, size_t offset __dv(0), enum cudaMemcpyKind kind __dv(cudaMemcpyHostToDevice));",PUBLIC_RUNTIME_API,GROUND_TRUTH_REQUIRED,BACKEND_CAPABILITY,TBD,TBD,CoreX 4.4 API/runtime probe required,TBD after classification,TRUE,TBD,P4,Census-derived declaration only; semantics not inferred from signature.,CENSUS_DECIDES,PROBE_THEN_IMPLEMENT_OR_MARK_BLOCKED,Human classification and CoreX ground truth required before implementation.
cudaMemcpyToSymbolAsync,Memcpy,cuda_runtime_api.h,"extern __host__ cudaError_t CUDARTAPI cudaMemcpyToSymbolAsync(const void *symbol, const void *src, size_t count, size_t offset, enum cudaMemcpyKind kind, cudaStream_t stream __dv(0));",PUBLIC_RUNTIME_API,GROUND_TRUTH_REQUIRED,BACKEND_CAPABILITY,TBD,TBD,CoreX 4.4 API/runtime probe required,TBD after classification,TRUE,TBD,P4,Census-derived declaration only; semantics not inferred from signature.,CENSUS_DECIDES,PROBE_THEN_IMPLEMENT_OR_MARK_BLOCKED,Human classification and CoreX ground truth required before implementation.
cudaMemset,Linear Memory,cuda_runtime_api.h,"extern __host__ cudaError_t CUDARTAPI cudaMemset(void *devPtr, int value, size_t count);",PUBLIC_RUNTIME_API,IMPLEMENTED,TRANSFER_SEMANTIC,src/corex_remote_cuda.c cudaMemset,server/runtime_server.c handle_memset,cuMemsetD8,OP_MEMSET=29,FALSE,L1+L2,P1,Verified D8 semantics with fake-VA bounds and zero-byte behavior.,M3,PROBE_THEN_IMPLEMENT_OR_MARK_BLOCKED,Direction/bounds/zero-byte and numerical regressions pass.
cudaMemset2D,Linear Memory,cuda_runtime_api.h,"extern __host__ cudaError_t CUDARTAPI cudaMemset2D(void *devPtr, size_t pitch, int value, size_t width, size_t height);",PUBLIC_RUNTIME_API,GROUND_TRUTH_REQUIRED,BACKEND_CAPABILITY,TBD,TBD,CoreX 4.4 API/runtime probe required,TBD after classification,TRUE,TBD,P4,Census-derived declaration only; semantics not inferred from signature.,CENSUS_DECIDES,PROBE_THEN_IMPLEMENT_OR_MARK_BLOCKED,Human classification and CoreX ground truth required before implementation.
cudaMemset2DAsync,Linear Memory,cuda_runtime_api.h,"extern __host__ __cudart_builtin__ cudaError_t CUDARTAPI cudaMemset2DAsync(void *devPtr, size_t pitch, int value, size_t width, size_t height, cudaStream_t stream __dv(0));",PUBLIC_RUNTIME_API,GROUND_TRUTH_REQUIRED,BACKEND_CAPABILITY,TBD,TBD,CoreX 4.4 API/runtime probe required,TBD after classification,TRUE,TBD,P4,Census-derived declaration only; semantics not inferred from signature.,CENSUS_DECIDES,PROBE_THEN_IMPLEMENT_OR_MARK_BLOCKED,Human classification and CoreX ground truth required before implementation.
cudaMemset3D,Linear Memory,cuda_runtime_api.h,"extern __host__ cudaError_t CUDARTAPI cudaMemset3D(struct cudaPitchedPtr pitchedDevPtr, int value, struct cudaExtent extent);",PUBLIC_RUNTIME_API,GROUND_TRUTH_REQUIRED,BACKEND_CAPABILITY,TBD,TBD,CoreX 4.4 API/runtime probe required,TBD after classification,TRUE,TBD,P4,Census-derived declaration only; semantics not inferred from signature.,CENSUS_DECIDES,PROBE_THEN_IMPLEMENT_OR_MARK_BLOCKED,Human classification and CoreX ground truth required before implementation.
cudaMemset3DAsync,Linear Memory,cuda_runtime_api.h,"extern __host__ __cudart_builtin__ cudaError_t CUDARTAPI cudaMemset3DAsync(struct cudaPitchedPtr pitchedDevPtr, int value, struct cudaExtent extent, cudaStream_t stream __dv(0));",PUBLIC_RUNTIME_API,GROUND_TRUTH_REQUIRED,BACKEND_CAPABILITY,TBD,TBD,CoreX 4.4 API/runtime probe required,TBD after classification,TRUE,TBD,P4,Census-derived declaration only; semantics not inferred from signature.,CENSUS_DECIDES,PROBE_THEN_IMPLEMENT_OR_MARK_BLOCKED,Human classification and CoreX ground truth required before implementation.
cudaMemsetAsync,Linear Memory,cuda_runtime_api.h,"extern __host__ __cudart_builtin__ cudaError_t CUDARTAPI cudaMemsetAsync(void *devPtr, int value, size_t count, cudaStream_t stream __dv(0));",PUBLIC_RUNTIME_API,IMPLEMENTED,TRANSFER_SEMANTIC,src/corex_remote_cuda.c cudaMemsetAsync,server/runtime_server.c handle_memset_async,cuMemsetD8Async,OP_MEMSET_ASYNC=30,FALSE,L1+L2,P1,Verified stream-ordered D8 async semantics and device synchronization.,M3,PROBE_THEN_IMPLEMENT_OR_MARK_BLOCKED,Async result/order, bounds, zero-byte and multithread regressions pass.
cudaOccupancyMaxActiveBlocksPerMultiprocessor,Occupancy,cuda_runtime_api.h,"extern __host__ __cudart_builtin__ cudaError_t CUDARTAPI cudaOccupancyMaxActiveBlocksPerMultiprocessor(int *numBlocks, const void *func, int blockSize, size_t dynamicSMemSize);",PUBLIC_RUNTIME_API,IMPLEMENTED,GENERATED_RPC,src/corex_remote_cuda.c cudaOccupancyMaxActiveBlocksPerMultiprocessor,server/runtime_server.c handle_occupancy,cuOccupancyMaxActiveBlocksPerMultiprocessor,OP_OCCUPANCY=38,FALSE,L1+L2,P1,Uses registered remote kernel identity; block-size validation and positive CoreX occupancy integration check.,M3,PROBE_THEN_IMPLEMENT_OR_MARK_BLOCKED,Implemented after CoreX ground truth; callback/function pointer is never serialized.
cudaOccupancyMaxActiveBlocksPerMultiprocessorWithFlags,Execution,cuda_runtime_api.h,"extern __host__ __cudart_builtin__ cudaError_t CUDARTAPI cudaOccupancyMaxActiveBlocksPerMultiprocessorWithFlags(int *numBlocks, const void *func, int blockSize, size_t dynamicSMemSize, unsigned int flags);",PUBLIC_RUNTIME_API,GROUND_TRUTH_REQUIRED,BACKEND_CAPABILITY,TBD,TBD,CoreX 4.4 API/runtime probe required,TBD after classification,TRUE,TBD,P4,Census-derived declaration only; semantics not inferred from signature.,CENSUS_DECIDES,PROBE_THEN_IMPLEMENT_OR_MARK_BLOCKED,Human classification and CoreX ground truth required before implementation.
cudaOccupancyMaxPotentialBlockSize,Occupancy,cuda_runtime_api.h,"extern __host__ __cudart_builtin__ cudaError_t CUDARTAPI cudaOccupancyMaxPotentialBlockSize(int *minGridSize, int *blockSize, const void *func, size_t dynamicSMemSize, int blockSizeLimit);",PUBLIC_RUNTIME_API,GROUND_TRUTH_REQUIRED,CAPABILITY_GATED,TBD,TBD,CoreX 4.4 API/probe required,TBD after classification,TRUE,L1+L2 when implemented,P2,Potential callback/function semantics require review.,M3,PROBE_THEN_IMPLEMENT_OR_MARK_BLOCKED,Implement only after CoreX ground truth; otherwise explicit GROUND_TRUTH_BLOCKED/BACKEND_UNSUPPORTED.
cudaPeekAtLastError,Error,cuda_runtime_api.h,extern __host__ __cudart_builtin__ cudaError_t CUDARTAPI cudaPeekAtLastError(void);,PUBLIC_RUNTIME_API,IMPLEMENTED,CLIENT_ONLY,TLS last error,none,none,NONE,FALSE,L0/L1 TLS,P0,Census-derived declaration only; semantics not inferred from signature.,M1/M3,REGRESSION_ONLY_UNLESS_REFACTOR_REQUIRED,Existing semantic remains PASS under common gates and capability ledger.
cudaPointerGetAttributes,Other Runtime,cuda_runtime_api.h,"extern __host__ cudaError_t CUDARTAPI cudaPointerGetAttributes(struct cudaPointerAttributes *attributes, const void *ptr);",PUBLIC_RUNTIME_API,GROUND_TRUTH_REQUIRED,BACKEND_CAPABILITY,TBD,TBD,CoreX 4.4 API/runtime probe required,TBD after classification,TRUE,TBD,P4,Census-derived declaration only; semantics not inferred from signature.,CENSUS_DECIDES,PROBE_THEN_IMPLEMENT_OR_MARK_BLOCKED,Human classification and CoreX ground truth required before implementation.
cudaRuntimeGetVersion,Version,cuda_runtime_api.h,extern __host__ __cudart_builtin__ cudaError_t CUDARTAPI cudaRuntimeGetVersion(int *runtimeVersion);,PUBLIC_RUNTIME_API,IMPLEMENTED,GENERATED_RPC,src/corex_remote_cuda.c cudaRuntimeGetVersion,server/runtime_server.c handle_runtime_version,compat ABI constant,OP_GET_RUNTIME_VERSION=36,FALSE,L1+L2,P1,"Defined as COREX_REMOTE_CUDART compatibility ABI 1.1.0 (11000).",CENSUS_DECIDES,PROBE_THEN_IMPLEMENT_OR_MARK_BLOCKED,Implement only after CoreX ground truth; otherwise explicit GROUND_TRUTH_BLOCKED/BACKEND_UNSUPPORTED.
cudaSetDevice,Device,cuda_runtime_api.h,extern __host__ cudaError_t CUDARTAPI cudaSetDevice(int device);,PUBLIC_RUNTIME_API,IMPLEMENTED,CLIENT_ONLY,src/corex_remote_cuda.c TLS current_device,none,Only device 0 accepted today,NONE,FALSE,L1 existing + invalid-device,P0,Census-derived declaration only; semantics not inferred from signature.,M3,REGRESSION_ONLY_UNLESS_REFACTOR_REQUIRED,Existing semantic remains PASS under common gates and capability ledger.
cudaSetDeviceFlags,Device,cuda_runtime_api.h,extern __host__ cudaError_t CUDARTAPI cudaSetDeviceFlags( unsigned int flags );,PUBLIC_RUNTIME_API,GROUND_TRUTH_REQUIRED,SEMANTIC_RPC,TBD,TBD,CoreX 4.4 API/probe required,TBD after classification,TRUE,L1+L2 when implemented,P2,May affect context/runtime semantics; not automatically simple.,M3,PROBE_THEN_IMPLEMENT_OR_MARK_BLOCKED,Implement only after CoreX ground truth; otherwise explicit GROUND_TRUTH_BLOCKED/BACKEND_UNSUPPORTED.
cudaSetDoubleForDevice,Device,cuda_runtime_api.h,extern __CUDA_DEPRECATED __host__ cudaError_t CUDARTAPI cudaSetDoubleForDevice(double *d);,PUBLIC_RUNTIME_API,DEPRECATED,DEPRECATED,TBD,TBD,CoreX 4.4 API/runtime probe required,TBD after classification,TRUE,TBD,P4,Census-derived declaration only; semantics not inferred from signature.,CENSUS_DECIDES,PROBE_THEN_IMPLEMENT_OR_MARK_BLOCKED,Human classification and CoreX ground truth required before implementation.
cudaSetDoubleForHost,Host Memory,cuda_runtime_api.h,extern __CUDA_DEPRECATED __host__ cudaError_t CUDARTAPI cudaSetDoubleForHost(double *d);,PUBLIC_RUNTIME_API,DEPRECATED,DEPRECATED,TBD,TBD,CoreX 4.4 API/runtime probe required,TBD after classification,TRUE,TBD,P4,Census-derived declaration only; semantics not inferred from signature.,CENSUS_DECIDES,PROBE_THEN_IMPLEMENT_OR_MARK_BLOCKED,Human classification and CoreX ground truth required before implementation.
cudaSetValidDevices,Device,cuda_runtime_api.h,"extern __host__ cudaError_t CUDARTAPI cudaSetValidDevices(int *device_arr, int len);",PUBLIC_RUNTIME_API,GROUND_TRUTH_REQUIRED,BACKEND_CAPABILITY,TBD,TBD,CoreX 4.4 API/runtime probe required,TBD after classification,TRUE,TBD,P4,Census-derived declaration only; semantics not inferred from signature.,CENSUS_DECIDES,PROBE_THEN_IMPLEMENT_OR_MARK_BLOCKED,Human classification and CoreX ground truth required before implementation.
cudaSignalExternalSemaphoresAsync,External Resource Interop,cuda_runtime_api.h,"extern __host__ cudaError_t CUDARTAPI cudaSignalExternalSemaphoresAsync(const cudaExternalSemaphore_t *extSemArray, const struct cudaExternalSemaphoreSignalParams *paramsArray, unsigned int numExtSems, cudaStream_t stream __dv(0));",PUBLIC_RUNTIME_API,GROUND_TRUTH_REQUIRED,BACKEND_CAPABILITY,TBD,TBD,CoreX 4.4 API/runtime probe required,TBD after classification,TRUE,TBD,P4,Census-derived declaration only; semantics not inferred from signature.,CENSUS_DECIDES,PROBE_THEN_IMPLEMENT_OR_MARK_BLOCKED,Human classification and CoreX ground truth required before implementation.
cudaStreamAddCallback,Stream,cuda_runtime_api.h,"extern __host__ cudaError_t CUDARTAPI cudaStreamAddCallback(cudaStream_t stream, cudaStreamCallback_t callback, void *userData, unsigned int flags);",PUBLIC_RUNTIME_API,GROUND_TRUTH_REQUIRED,BACKEND_CAPABILITY,TBD,TBD,CoreX 4.4 API/runtime probe required,TBD after classification,TRUE,TBD,P4,Census-derived declaration only; semantics not inferred from signature.,CENSUS_DECIDES,PROBE_THEN_IMPLEMENT_OR_MARK_BLOCKED,Human classification and CoreX ground truth required before implementation.
cudaStreamAttachMemAsync,Stream,cuda_runtime_api.h,"extern __host__ __cudart_builtin__ cudaError_t CUDARTAPI cudaStreamAttachMemAsync(cudaStream_t stream, void *devPtr, size_t length, unsigned int flags);",PUBLIC_RUNTIME_API,GROUND_TRUTH_REQUIRED,BACKEND_CAPABILITY,TBD,TBD,CoreX 4.4 API/runtime probe required,TBD after classification,TRUE,TBD,P4,Census-derived declaration only; semantics not inferred from signature.,CENSUS_DECIDES,PROBE_THEN_IMPLEMENT_OR_MARK_BLOCKED,Human classification and CoreX ground truth required before implementation.
cudaStreamBeginCapture,Graph,cuda_runtime_api.h,"extern __host__ cudaError_t CUDARTAPI cudaStreamBeginCapture(cudaStream_t stream, enum cudaStreamCaptureMode mode);",PUBLIC_RUNTIME_API,GROUND_TRUTH_REQUIRED,STATE_MACHINE,TBD,TBD,CoreX 4.4 API/probe required,TBD after classification,TRUE,L1+L2 when implemented,P3,Dedicated graph/capture subsystem; graph object thread safety and capture interception are handwritten.,M5,PROBE_THEN_IMPLEMENT_OR_MARK_BLOCKED,Implement only after CoreX ground truth; otherwise explicit GROUND_TRUTH_BLOCKED/BACKEND_UNSUPPORTED.
cudaStreamBeginCaptureToGraph,Graph,cuda_runtime_api.h,"extern __host__ cudaError_t CUDARTAPI cudaStreamBeginCaptureToGraph(cudaStream_t stream, cudaGraph_t graph, const cudaGraphNode_t* dependencies, const cudaGraphEdgeData* dependencyData, size_t numDependencies, enum cudaStreamCaptureMode mode);",PUBLIC_RUNTIME_API,GROUND_TRUTH_REQUIRED,BACKEND_CAPABILITY,TBD,TBD,CoreX 4.4 API/runtime probe required,TBD after classification,TRUE,TBD,P4,Census-derived declaration only; semantics not inferred from signature.,CENSUS_DECIDES,PROBE_THEN_IMPLEMENT_OR_MARK_BLOCKED,Human classification and CoreX ground truth required before implementation.
cudaStreamCopyAttributes,Stream,cuda_runtime_api.h,"extern __host__ cudaError_t CUDARTAPI cudaStreamCopyAttributes(cudaStream_t dstStream, cudaStream_t srcStream);",PUBLIC_RUNTIME_API,GROUND_TRUTH_REQUIRED,BACKEND_CAPABILITY,TBD,TBD,CoreX 4.4 API/runtime probe required,TBD after classification,TRUE,TBD,P4,Census-derived declaration only; semantics not inferred from signature.,CENSUS_DECIDES,PROBE_THEN_IMPLEMENT_OR_MARK_BLOCKED,Human classification and CoreX ground truth required before implementation.
cudaStreamCreate,Stream,cuda_runtime_api.h,extern __host__ cudaError_t CUDARTAPI cudaStreamCreate(cudaStream_t *pStream);,PUBLIC_RUNTIME_API,IMPLEMENTED,OBJECT_RPC,stream handle + frontier,Stream registry,CoreX stream create proven,NONE,FALSE,L1 existing + lifecycle,P0,Census-derived declaration only; semantics not inferred from signature.,M3,REGRESSION_ONLY_UNLESS_REFACTOR_REQUIRED,Existing semantic remains PASS under common gates and capability ledger.
cudaStreamCreateWithFlags,Stream,cuda_runtime_api.h,"extern __host__ __cudart_builtin__ cudaError_t CUDARTAPI cudaStreamCreateWithFlags(cudaStream_t *pStream, unsigned int flags);",PUBLIC_RUNTIME_API,IMPLEMENTED,SEMANTIC_RPC,src/corex_remote_cuda.c cudaStreamCreateWithFlags,server/runtime_server.c handle_create_stream,cuStreamCreate flags,OP_CREATE_STREAM flags,FALSE,L1+L2,P1,Nonblocking flag is probed and bypasses legacy default frontier merge.,M3,PROBE_THEN_IMPLEMENT_OR_MARK_BLOCKED,Implement only after CoreX ground truth; otherwise explicit GROUND_TRUTH_BLOCKED/BACKEND_UNSUPPORTED.
cudaStreamCreateWithPriority,Stream,cuda_runtime_api.h,"extern __host__ __cudart_builtin__ cudaError_t CUDARTAPI cudaStreamCreateWithPriority(cudaStream_t *pStream, unsigned int flags, int priority);",PUBLIC_RUNTIME_API,IMPLEMENTED,SEMANTIC_RPC,src/corex_remote_cuda.c cudaStreamCreateWithPriority,server/runtime_server.c handle_create_stream_priority,cuStreamCreateWithPriority,OP_CREATE_STREAM_PRIORITY=32,FALSE,L1+L2,P2,Priority round-trip verified by CoreX probe.,M3,PROBE_THEN_IMPLEMENT_OR_MARK_BLOCKED,Implement only after CoreX ground truth; otherwise explicit GROUND_TRUTH_BLOCKED/BACKEND_UNSUPPORTED.
cudaStreamDestroy,Stream,cuda_runtime_api.h,extern __host__ __cudart_builtin__ cudaError_t CUDARTAPI cudaStreamDestroy(cudaStream_t stream);,PUBLIC_RUNTIME_API,IMPLEMENTED,OBJECT_RPC,stream sync/drain/tombstone,Stream registry,CoreX stream destroy proven,NONE,FALSE,L1 existing + stale,P0,Census-derived declaration only; semantics not inferred from signature.,M3,REGRESSION_ONLY_UNLESS_REFACTOR_REQUIRED,Existing semantic remains PASS under common gates and capability ledger.
cudaStreamEndCapture,Graph,cuda_runtime_api.h,"extern __host__ cudaError_t CUDARTAPI cudaStreamEndCapture(cudaStream_t stream, cudaGraph_t *pGraph);",PUBLIC_RUNTIME_API,GROUND_TRUTH_REQUIRED,STATE_MACHINE,TBD,TBD,CoreX 4.4 API/probe required,TBD after classification,TRUE,L1+L2 when implemented,P3,Dedicated graph/capture subsystem; graph object thread safety and capture interception are handwritten.,M5,PROBE_THEN_IMPLEMENT_OR_MARK_BLOCKED,Implement only after CoreX ground truth; otherwise explicit GROUND_TRUTH_BLOCKED/BACKEND_UNSUPPORTED.
cudaStreamGetAttribute,Stream,cuda_runtime_api.h,"extern __host__ cudaError_t CUDARTAPI cudaStreamGetAttribute(cudaStream_t stream, enum cudaStreamAttrID attr, union cudaStreamAttrValue *value);",PUBLIC_RUNTIME_API,GROUND_TRUTH_REQUIRED,BACKEND_CAPABILITY,TBD,TBD,CoreX 4.4 API/runtime probe required,TBD after classification,TRUE,TBD,P4,Census-derived declaration only; semantics not inferred from signature.,CENSUS_DECIDES,PROBE_THEN_IMPLEMENT_OR_MARK_BLOCKED,Human classification and CoreX ground truth required before implementation.
cudaStreamGetCaptureInfo,Stream,cuda_runtime_api.h,"extern __host__ cudaError_t CUDARTAPI cudaStreamGetCaptureInfo(cudaStream_t hStream, enum cudaStreamCaptureStatus *pCaptureStatus, unsigned long long *pId);",PUBLIC_RUNTIME_API,GROUND_TRUTH_REQUIRED,BACKEND_CAPABILITY,TBD,TBD,CoreX 4.4 API/runtime probe required,TBD after classification,TRUE,TBD,P4,Census-derived declaration only; semantics not inferred from signature.,CENSUS_DECIDES,PROBE_THEN_IMPLEMENT_OR_MARK_BLOCKED,Human classification and CoreX ground truth required before implementation.
cudaStreamGetCaptureInfo_v2,Stream,cuda_runtime_api.h,"extern __host__ cudaError_t CUDARTAPI cudaStreamGetCaptureInfo_v2(cudaStream_t stream, enum cudaStreamCaptureStatus *pCaptureStatus, unsigned long long *pId, cudaGraph_t *graph_out __dv(0), const cudaGraphNode_t **dependencies_out __dv(0), size_t *numDependencies_out __dv(0));",PUBLIC_RUNTIME_API,GROUND_TRUTH_REQUIRED,BACKEND_CAPABILITY,TBD,TBD,CoreX 4.4 API/runtime probe required,TBD after classification,TRUE,TBD,P4,Census-derived declaration only; semantics not inferred from signature.,CENSUS_DECIDES,PROBE_THEN_IMPLEMENT_OR_MARK_BLOCKED,Human classification and CoreX ground truth required before implementation.
cudaStreamGetFlags,Stream,cuda_runtime_api.h,"extern __host__ __cudart_builtin__ cudaError_t CUDARTAPI cudaStreamGetFlags(cudaStream_t hStream, unsigned int *flags);",PUBLIC_RUNTIME_API,IMPLEMENTED,OBJECT_RPC,src/corex_remote_cuda.c cudaStreamGetFlags,server/runtime_server.c handle_stream_get_flags,cuStreamGetFlags,OP_STREAM_GET_FLAGS=31,FALSE,L1+L2,P1,Census-derived declaration only; semantics not inferred from signature.,M3,PROBE_THEN_IMPLEMENT_OR_MARK_BLOCKED,Implement only after CoreX ground truth; otherwise explicit GROUND_TRUTH_BLOCKED/BACKEND_UNSUPPORTED.
cudaStreamGetPriority,Stream,cuda_runtime_api.h,"extern __host__ __cudart_builtin__ cudaError_t CUDARTAPI cudaStreamGetPriority(cudaStream_t hStream, int *priority);",PUBLIC_RUNTIME_API,IMPLEMENTED,OBJECT_RPC,src/corex_remote_cuda.c cudaStreamGetPriority,server/runtime_server.c handle_stream_get_priority,cuStreamGetPriority,OP_STREAM_GET_PRIORITY=33,FALSE,L1+L2,P2,Census-derived declaration only; semantics not inferred from signature.,M3,PROBE_THEN_IMPLEMENT_OR_MARK_BLOCKED,Implement only after CoreX ground truth; otherwise explicit GROUND_TRUTH_BLOCKED/BACKEND_UNSUPPORTED.
cudaStreamIsCapturing,Graph,cuda_runtime_api.h,"extern __host__ cudaError_t CUDARTAPI cudaStreamIsCapturing(cudaStream_t stream, enum cudaStreamCaptureStatus *pCaptureStatus);",PUBLIC_RUNTIME_API,GROUND_TRUTH_REQUIRED,STATE_MACHINE,TBD,TBD,CoreX 4.4 API/probe required,TBD after classification,TRUE,L1+L2 when implemented,P3,Dedicated graph/capture subsystem; graph object thread safety and capture interception are handwritten.,M5,PROBE_THEN_IMPLEMENT_OR_MARK_BLOCKED,Implement only after CoreX ground truth; otherwise explicit GROUND_TRUTH_BLOCKED/BACKEND_UNSUPPORTED.
cudaStreamQuery,Stream,cuda_runtime_api.h,extern __host__ cudaError_t CUDARTAPI cudaStreamQuery(cudaStream_t stream);,PUBLIC_RUNTIME_API,IMPLEMENTED,OBJECT_RPC,stream handle + transfer readiness,Stream query handler,CoreX stream query proven,NONE,FALSE,L1 existing,P0,Census-derived declaration only; semantics not inferred from signature.,M3,REGRESSION_ONLY_UNLESS_REFACTOR_REQUIRED,Existing semantic remains PASS under common gates and capability ledger.
cudaStreamSetAttribute,Stream,cuda_runtime_api.h,"extern __host__ cudaError_t CUDARTAPI cudaStreamSetAttribute(cudaStream_t stream, enum cudaStreamAttrID attr, const union cudaStreamAttrValue *param);",PUBLIC_RUNTIME_API,GROUND_TRUTH_REQUIRED,BACKEND_CAPABILITY,TBD,TBD,CoreX 4.4 API/runtime probe required,TBD after classification,TRUE,TBD,P4,Census-derived declaration only; semantics not inferred from signature.,CENSUS_DECIDES,PROBE_THEN_IMPLEMENT_OR_MARK_BLOCKED,Human classification and CoreX ground truth required before implementation.
cudaStreamSynchronize,Stream,cuda_runtime_api.h,extern __host__ cudaError_t CUDARTAPI cudaStreamSynchronize(cudaStream_t stream);,PUBLIC_RUNTIME_API,IMPLEMENTED,SEMANTIC_RPC,frontier retirement,Stream sync handler,CoreX stream sync proven,NONE,FALSE,L1 existing,P0,Census-derived declaration only; semantics not inferred from signature.,M3,REGRESSION_ONLY_UNLESS_REFACTOR_REQUIRED,Existing semantic remains PASS under common gates and capability ledger.
cudaStreamUpdateCaptureDependencies,Stream,cuda_runtime_api.h,"extern __host__ cudaError_t CUDARTAPI cudaStreamUpdateCaptureDependencies(cudaStream_t stream, cudaGraphNode_t *dependencies, size_t numDependencies, unsigned int flags __dv(0));",PUBLIC_RUNTIME_API,GROUND_TRUTH_REQUIRED,BACKEND_CAPABILITY,TBD,TBD,CoreX 4.4 API/runtime probe required,TBD after classification,TRUE,TBD,P4,Census-derived declaration only; semantics not inferred from signature.,CENSUS_DECIDES,PROBE_THEN_IMPLEMENT_OR_MARK_BLOCKED,Human classification and CoreX ground truth required before implementation.
cudaStreamWaitEvent,Stream/Event,cuda_runtime_api.h,"extern __host__ __cudart_builtin__ cudaError_t CUDARTAPI cudaStreamWaitEvent(cudaStream_t stream, cudaEvent_t event, unsigned int flags);",PUBLIC_RUNTIME_API,IMPLEMENTED,SEMANTIC_RPC,causal frontier merge/order,Stream wait event handler,CoreX stream wait event proven,NONE,FALSE,L1 existing ordering,P0,Census-derived declaration only; semantics not inferred from signature.,M3,REGRESSION_ONLY_UNLESS_REFACTOR_REQUIRED,Existing semantic remains PASS under common gates and capability ledger.
cudaThreadExchangeStreamCaptureMode,Stream,cuda_runtime_api.h,extern __host__ cudaError_t CUDARTAPI cudaThreadExchangeStreamCaptureMode(enum cudaStreamCaptureMode *mode);,PUBLIC_RUNTIME_API,GROUND_TRUTH_REQUIRED,BACKEND_CAPABILITY,TBD,TBD,CoreX 4.4 API/runtime probe required,TBD after classification,TRUE,TBD,P4,Census-derived declaration only; semantics not inferred from signature.,CENSUS_DECIDES,PROBE_THEN_IMPLEMENT_OR_MARK_BLOCKED,Human classification and CoreX ground truth required before implementation.
cudaThreadExit,Other Runtime,cuda_runtime_api.h,extern __CUDA_DEPRECATED __host__ cudaError_t CUDARTAPI cudaThreadExit(void);,PUBLIC_RUNTIME_API,DEPRECATED,DEPRECATED,TBD,TBD,CoreX 4.4 API/runtime probe required,TBD after classification,TRUE,TBD,P4,Census-derived declaration only; semantics not inferred from signature.,CENSUS_DECIDES,PROBE_THEN_IMPLEMENT_OR_MARK_BLOCKED,Human classification and CoreX ground truth required before implementation.
cudaThreadGetCacheConfig,Other Runtime,cuda_runtime_api.h,extern __CUDA_DEPRECATED __host__ cudaError_t CUDARTAPI cudaThreadGetCacheConfig(enum cudaFuncCache *pCacheConfig);,PUBLIC_RUNTIME_API,DEPRECATED,DEPRECATED,TBD,TBD,CoreX 4.4 API/runtime probe required,TBD after classification,TRUE,TBD,P4,Census-derived declaration only; semantics not inferred from signature.,CENSUS_DECIDES,PROBE_THEN_IMPLEMENT_OR_MARK_BLOCKED,Human classification and CoreX ground truth required before implementation.
cudaThreadGetLimit,Other Runtime,cuda_runtime_api.h,"extern __CUDA_DEPRECATED __host__ cudaError_t CUDARTAPI cudaThreadGetLimit(size_t *pValue, enum cudaLimit limit);",PUBLIC_RUNTIME_API,DEPRECATED,DEPRECATED,TBD,TBD,CoreX 4.4 API/runtime probe required,TBD after classification,TRUE,TBD,P4,Census-derived declaration only; semantics not inferred from signature.,CENSUS_DECIDES,PROBE_THEN_IMPLEMENT_OR_MARK_BLOCKED,Human classification and CoreX ground truth required before implementation.
cudaThreadSetCacheConfig,Other Runtime,cuda_runtime_api.h,extern __CUDA_DEPRECATED __host__ cudaError_t CUDARTAPI cudaThreadSetCacheConfig(enum cudaFuncCache cacheConfig);,PUBLIC_RUNTIME_API,DEPRECATED,DEPRECATED,TBD,TBD,CoreX 4.4 API/runtime probe required,TBD after classification,TRUE,TBD,P4,Census-derived declaration only; semantics not inferred from signature.,CENSUS_DECIDES,PROBE_THEN_IMPLEMENT_OR_MARK_BLOCKED,Human classification and CoreX ground truth required before implementation.
cudaThreadSetLimit,Other Runtime,cuda_runtime_api.h,"extern __CUDA_DEPRECATED __host__ cudaError_t CUDARTAPI cudaThreadSetLimit(enum cudaLimit limit, size_t value);",PUBLIC_RUNTIME_API,DEPRECATED,DEPRECATED,TBD,TBD,CoreX 4.4 API/runtime probe required,TBD after classification,TRUE,TBD,P4,Census-derived declaration only; semantics not inferred from signature.,CENSUS_DECIDES,PROBE_THEN_IMPLEMENT_OR_MARK_BLOCKED,Human classification and CoreX ground truth required before implementation.
cudaThreadSynchronize,Other Runtime,cuda_runtime_api.h,extern __CUDA_DEPRECATED __host__ cudaError_t CUDARTAPI cudaThreadSynchronize(void);,PUBLIC_RUNTIME_API,DEPRECATED,DEPRECATED,TBD,TBD,CoreX 4.4 API/runtime probe required,TBD after classification,TRUE,TBD,P4,Census-derived declaration only; semantics not inferred from signature.,CENSUS_DECIDES,PROBE_THEN_IMPLEMENT_OR_MARK_BLOCKED,Human classification and CoreX ground truth required before implementation.
cudaUnbindTexture,Texture Object,cuda_runtime_api.h,extern __host__ cudaError_t CUDARTAPI cudaUnbindTexture(const struct textureReference *texref);,PUBLIC_RUNTIME_API,GROUND_TRUTH_REQUIRED,BACKEND_CAPABILITY,TBD,TBD,CoreX 4.4 API/runtime probe required,TBD after classification,TRUE,TBD,P4,Census-derived declaration only; semantics not inferred from signature.,CENSUS_DECIDES,PROBE_THEN_IMPLEMENT_OR_MARK_BLOCKED,Human classification and CoreX ground truth required before implementation.
cudaUserObjectCreate,Other Runtime,cuda_runtime_api.h,"extern __host__ cudaError_t CUDARTAPI cudaUserObjectCreate(cudaUserObject_t *object_out, void *ptr, cudaHostFn_t destroy, unsigned int initialRefcount, unsigned int flags);",PUBLIC_RUNTIME_API,GROUND_TRUTH_REQUIRED,BACKEND_CAPABILITY,TBD,TBD,CoreX 4.4 API/runtime probe required,TBD after classification,TRUE,TBD,P4,Census-derived declaration only; semantics not inferred from signature.,CENSUS_DECIDES,PROBE_THEN_IMPLEMENT_OR_MARK_BLOCKED,Human classification and CoreX ground truth required before implementation.
cudaUserObjectRelease,Other Runtime,cuda_runtime_api.h,"extern __host__ cudaError_t CUDARTAPI cudaUserObjectRelease(cudaUserObject_t object, unsigned int count __dv(1));",PUBLIC_RUNTIME_API,GROUND_TRUTH_REQUIRED,BACKEND_CAPABILITY,TBD,TBD,CoreX 4.4 API/runtime probe required,TBD after classification,TRUE,TBD,P4,Census-derived declaration only; semantics not inferred from signature.,CENSUS_DECIDES,PROBE_THEN_IMPLEMENT_OR_MARK_BLOCKED,Human classification and CoreX ground truth required before implementation.
cudaWaitExternalSemaphoresAsync,External Resource Interop,cuda_runtime_api.h,"extern __host__ cudaError_t CUDARTAPI cudaWaitExternalSemaphoresAsync(const cudaExternalSemaphore_t *extSemArray, const struct cudaExternalSemaphoreWaitParams *paramsArray, unsigned int numExtSems, cudaStream_t stream __dv(0));",PUBLIC_RUNTIME_API,GROUND_TRUTH_REQUIRED,BACKEND_CAPABILITY,TBD,TBD,CoreX 4.4 API/runtime probe required,TBD after classification,TRUE,TBD,P4,Census-derived declaration only; semantics not inferred from signature.,CENSUS_DECIDES,PROBE_THEN_IMPLEMENT_OR_MARK_BLOCKED,Human classification and CoreX ground truth required before implementation.
